UnitCode,BranchID,UnitType,UnitClass,Phase,Section,Block,Lot,UnitCost,RecUser,RecDate
ABC-5-13-L,12,LL,PM,1,5,13,L,10483.13,User 1,6/8/2020
ABC-5-13-M,12,LL,PM,1,5,13,M,10483.13,User 1,6/8/2020
ABC-5-13-N,12,LL,PM,1,5,13,N,10483.13,User 1,6/8/2020
ABC-5-13-P,12,LL,PM,1,5,13,P,10483.13,User 1,6/8/2020
ABC-5-13-S,12,LL,PM,1,5,13,S,10483.13,User 1,6/8/2020
ABC-5-14-L,12,LL,PM,1,5,14,L,10483.13,User 1,6/8/2020
ABC-9-19-A,12,LL,PM,1,9,19,A,10483.13,User 1,6/8/2020
ABC-2-11-Q,12,LL,PM,1,2,11,Q,10483.13,User 1,6/8/2020
ABC-2-18-M,12,LL,PM,1,2,18,M,10483.13,User 1,6/8/2020
ABC-5-20-H,12,LL,PM,1,5,20,H,10483.13,User 1,6/8/2020
ABC-5-21-A,12,LL,PM,1,5,21,A,10483.13,User 1,6/8/2020
ABC-5-22-C,12,LL,SP,1,5,22,C,10483.13,User 1,6/8/2020
ABC-5-22-M,12,LL,PM,1,5,22,M,6975.55,User 1,6/8/2020
ABC-23-7-M,12,LL,PM,2,23,7,M,10483.13,User 1,6/8/2020
ABC-5-17-I,12,LL,PM,1,5,17,I,10483.13,User 1,6/8/2020
ABC-5-17-J,12,LL,PM,1,5,17,J,10483.13,User 1,6/8/2020
ABC-31-21-T,12,LL,PM,2,31,21,T,6975.55,User 1,6/8/2020
ABC-24-27-H,12,LL,PM,2,24,27,H,10483.13,User 1,6/8/2020
ABC-31-33-B,12,LL,PM,2,31,33,B,6975.55,User 1,6/8/2020
ABC-15-19-Q,12,LL,PM,1,15,19,Q,10483.13,User 1,6/8/2020
ABC-23-11-B,12,LL,PM,2,23,11,B,10483.13,User 1,6/8/2020
ABC-23-12-T,12,LL,PR,2,23,12,T,6975.55,User 1,6/8/2020
ABC-31-6-C,12,LL,PR,2,31,6,C,10483.13,User 1,6/8/2020
ABC-2-20-M,12,LL,PM,1,2,20,M,10483.13,User 1,6/8/2020
ABC-5-17-S,12,LL,SP,1,5,17,S,10483.13,User 1,6/8/2020
ABC-5-18-F,12,LL,PM,1,5,18,F,10483.13,User 1,6/8/2020
ABC-31-4-Q,12,LL,PM,2,31,4,Q,10483.13,User 1,6/8/2020
ABC-5-19-E,12,LL,PM,1,5,19,E,10483.13,User 1,6/8/2020
ABC-5-20-E,12,LL,PM,1,5,20,E,10483.13,User 1,6/8/2020
ABC-5-20-G,12,LL,PM,1,5,20,G,10483.13,User 1,6/8/2020
ABC-5-1-T,12,LL,PM,1,5,1,T,10483.13,User 1,6/8/2020
ABC-9-9-A,12,LL,PM,1,9,9,A,10483.13,User 1,6/8/2020
ABC-5-28-B,12,LL,SP,1,5,28,B,10483.13,User 1,6/8/2020
ABC-32-21-Q,12,LL,PM,2,32,21,Q,6975.55,User 1,6/8/2020
ABC-23-15-D,12,LL,PM,2,23,15,D,10483.13,User 1,6/8/2020
ABC-23-15-E,12,LL,PM,2,23,15,E,10483.13,User 1,6/8/2020
ABC-9-11-N,12,LL,PM,1,9,11,N,6975.55,User 1,6/8/2020
ABC-9-11-O,12,LL,PM,1,9,11,O,6975.55,User 1,6/8/2020
ABC-18-19-R,12,LL,PM,1,18,19,R,10483.13,User 1,6/8/2020
ABC-18-19-S,12,LL,PM,1,18,19,S,10483.13,User 1,6/8/2020
ABC-18-19-T,12,LL,PM,1,18,19,T,10483.13,User 1,6/8/2020
ABC-32-30-H,12,LL,PR,2,32,30,H,10483.13,User 1,6/8/2020
ABC-24-31-N,12,LL,PM,2,24,31,N,10483.13,User 1,6/8/2020
ABC-24-31-T,12,LL,PM,2,24,31,T,10483.13,User 1,6/8/2020
ABC-24-37-K,12,LL,PR,2,24,37,K,6975.55,User 1,6/8/2020
ABC-8-33-F,12,LL,SP,1,8,33,F,10483.13,User 1,6/8/2020
ABC-2-34-N,12,LL,PR,1,2,34,N,6975.55,User 1,6/8/2020
ABC-2-34-O,12,LL,PR,1,2,34,O,6975.55,User 1,6/8/2020
ABC-5-12-E,12,LL,PM,1,5,12,E,10483.13,User 1,6/8/2020
ABC-15-29-M,12,LL,PM,1,15,29,M,6975.55,User 1,6/8/2020
ABC-15-29-N,12,LL,PM,1,15,29,N,10483.13,User 1,6/8/2020
ABC-15-29-R,12,LL,PM,1,15,29,R,10483.13,User 1,6/8/2020
ABC-10-28-C,12,LL,PM,1,10,28,C,10483.13,User 1,6/8/2020
ABC-9-39-G,12,LL,PR,1,9,39,G,6975.55,User 1,6/8/2020
ABC-31-6-P,12,LL,PM,2,31,6,P,6975.55,User 1,6/8/2020
ABC-35-15-V,12,LL,PM,2,35,15,V,10483.13,User 1,6/8/2020
ABC-35-15-W,12,LL,PM,2,35,15,W,10483.13,User 1,6/8/2020
ABC-25-36-O,12,LL,SP,2,25,36,O,10483.13,User 1,6/8/2020
ABC-25-37-F,12,LL,PR,2,25,37,F,10483.13,User 1,6/8/2020
ABC-38-5-E,12,FE,PR,2,38,5,E,83706.6,User 1,6/8/2020
ABC-38-5-F,12,FE,PR,2,38,5,F,83706.6,User 1,6/8/2020
ABC-8-14-B,12,LL,PM,1,8,14,B,6975.55,User 1,6/8/2020
ABC-8-14-D,12,LL,PM,1,8,14,D,10483.13,User 1,6/8/2020
ABC-14-5-M,12,LL,PM,1,14,5,M,6975.55,User 1,6/8/2020
ABC-14-5-P,12,LL,PM,1,14,5,P,10483.13,User 1,6/8/2020
ABC-14-5-Q,12,LL,PM,1,14,5,Q,10483.13,User 1,6/8/2020
ABC-32-18-O,12,LL,PM,2,32,18,O,10483.13,User 1,6/8/2020
ABC-32-18-Q,12,LL,PM,2,32,18,Q,10483.13,User 1,6/8/2020
ABC-32-30-F,12,LL,PR,2,32,30,F,10483.13,User 1,6/8/2020
ABC-32-30-G,12,LL,PR,2,32,30,G,10483.13,User 1,6/8/2020
ABC-15-40-I,12,LL,PR,1,15,40,I,6975.55,User 1,6/8/2020
ABC-54-1-R,12,FE,PR,2,54,1,R,83706.6,User 1,6/8/2020
ABC-18-13-I,12,LL,PM,1,18,13,I,10483.13,User 1,6/8/2020
ABC-18-13-J,12,LL,PM,1,18,13,J,10483.13,User 1,6/8/2020
ABC-15-40-J,12,LL,PR,1,15,40,J,10483.13,User 1,6/8/2020
ABC-16-5-H,12,FP,PM,1,16,5,H,73381.91,User 1,6/8/2020
ABC-19-14-P,12,LL,PM,1,19,14,P,10483.13,User 1,6/8/2020
ABC-19-14-Q,12,LL,PM,1,19,14,Q,10483.13,User 1,6/8/2020
ABC-18-3-T,12,LL,PM,1,18,3,T,10483.13,User 1,6/8/2020
ABC-19-18-K,12,LL,PM,1,19,18,K,10483.13,User 1,6/8/2020
ABC-19-18-L,12,LL,PM,1,19,18,L,10483.13,User 1,6/8/2020
ABC-19-18-P,12,LL,SP,1,19,18,P,10483.13,User 1,6/8/2020
ABC-19-19-F,12,LL,PM,1,19,19,F,10483.13,User 1,6/8/2020
ABC-24-15-U,12,LL,PR,2,24,15,U,10483.13,User 1,6/8/2020
ABC-25-30-G,12,LL,PM,2,25,30,G,10483.13,User 1,6/8/2020
ABC-18-4-N,12,LL,PM,1,18,4,N,10483.13,User 1,6/8/2020
ABC-19-22-D,12,LL,PM,1,19,22,D,10483.13,User 1,6/8/2020
ABC-19-22-L,12,LL,PM,1,19,22,L,10483.13,User 1,6/8/2020
ABC-23-18-K,12,LL,PR,2,23,18,K,10483.13,User 1,6/8/2020
ABC-23-18-L,12,LL,PR,2,23,18,L,6975.55,User 1,6/8/2020
ABC-23-18-Q,12,LL,PR,2,23,18,Q,6975.55,User 1,6/8/2020
ABC-23-18-R,12,LL,PR,2,23,18,R,6975.55,User 1,6/8/2020
ABC-31-15-O,12,LL,PM,2,31,15,O,10483.13,User 1,6/8/2020
ABC-32-1-T,12,LL,PM,2,32,1,T,10483.13,User 1,6/8/2020
ABC-15-28-R,12,LL,PM,1,15,28,R,10483.13,User 1,6/8/2020
ABC-14-27-O,12,LL,SP,1,14,27,O,10483.13,User 1,6/8/2020
ABC-24-21-J,12,LL,PM,2,24,21,J,10483.13,User 1,6/8/2020
ABC-24-22-O,12,LL,PM,2,24,22,O,10483.13,User 1,6/8/2020
ABC-2-16-A,12,LL,PM,1,2,16,A,10483.13,User 1,6/8/2020
ABC-2-16-D,12,LL,PM,1,2,16,D,10483.13,User 1,6/8/2020
ABC-8-33-G,12,LL,SP,1,8,33,G,10483.13,User 1,6/8/2020
ABC-8-33-K,12,LL,PR,1,8,33,K,10483.13,User 1,6/8/2020
ABC-8-33-L,12,LL,PR,1,8,33,L,10483.13,User 1,6/8/2020
ABC-8-33-M,12,LL,PR,1,8,33,M,10483.13,User 1,6/8/2020
ABC-10-29-Q,12,LL,PM,1,10,29,Q,10483.13,User 1,6/8/2020
ABC-10-30-M,12,LL,PM,1,10,30,M,10483.13,User 1,6/8/2020
ABC-37-3-A,12,FE,PM,2,37,3,A,125797.56,User 1,9/1/2021
ABC-37-3-B,12,FE,PM,2,37,3,B,125797.56,User 1,9/1/2021
ABC-37-3-C,12,FE,PM,2,37,3,C,125797.56,User 1,9/1/2021
ABC-37-3-D,12,FE,PM,2,37,3,D,125797.56,User 1,9/1/2021
ABC-37-3-E,12,FE,PR,2,37,3,E,125797.56,User 1,9/1/2021
ABC-37-3-F,12,FE,PR,2,37,3,F,125797.56,User 1,9/1/2021
ABC-37-5-B,12,FE,PM,2,37,5,B,125797.56,User 1,9/1/2021
ABC-37-6-A,12,FE,PM,2,37,6,A,125797.56,User 1,9/1/2021
ABC-4B-2-J,12,LLO,PR,1,4B,2,J,4193.25,User 1,2/28/2024
ABC-4B-2-K,12,LLO,PR,1,4B,2,K,4193.25,User 1,2/28/2024
ABC-4B-2-L,12,LLO,PR,1,4B,2,L,4193.25,User 1,2/28/2024
ABC-4B-2-M,12,LLO,PR,1,4B,2,M,4193.25,User 1,2/28/2024
ABC-4B-2-N,12,LLO,PR,1,4B,2,N,4193.25,User 1,2/28/2024
ABC-4B-2-O,12,LLO,PR,1,4B,2,O,4193.25,User 1,2/28/2024
ABC-4B-4-L,12,LLO,PR,1,4B,4,L,4193.25,User 1,2/28/2024
ABC-4B-4-N,12,LLO,PR,1,4B,4,N,4193.25,User 1,2/28/2024
ABC-4B-4-O,12,LLO,PR,1,4B,4,O,4193.25,User 1,2/28/2024
EFG-6-1-J,14,LL,SP,1,6,1,J,23212.53,User 1,7/20/2018
EFG-6-1-M,14,LL,SP,1,6,1,M,23212.53,User 1,7/20/2018
EFG-6-1-N,14,LL,SP,1,6,1,N,23212.53,User 1,7/20/2018
EFG-6-1-Q,14,LL,PR,1,6,1,Q,23212.53,User 1,7/20/2018
EFG-6-3-D,14,LL,PR,1,6,3,D,23212.53,User 1,7/20/2018
EFG-6-4-A,14,LL,PR,1,6,4,A,23212.53,User 1,7/20/2018
EFG-6-4-B,14,LL,PR,1,6,4,B,23212.53,User 1,7/20/2018
EFG-6-4-G,14,LL,SP,1,6,4,G,23212.53,User 1,7/20/2018
EFG-6-4-H,14,LL,SP,1,6,4,H,23212.53,User 1,7/20/2018
EFG-6-5-A,14,LL,PR,1,6,5,A,23212.53,User 1,7/20/2018
EFG-6-5-E,14,LL,PR,1,6,5,E,23212.53,User 1,7/20/2018
EFG-6-5-J,14,LL,SP,1,6,5,J,23212.53,User 1,7/20/2018
EFG-6-5-M,14,LL,PM,1,6,5,M,23212.53,User 1,7/20/2018
EFG-6-5-N,14,LL,PM,1,6,5,N,23212.53,User 1,7/20/2018
EFG-6-5-O,14,LL,PM,1,6,5,O,23212.53,User 1,7/20/2018
EFG-6-5-S,14,LL,PM,1,6,5,S,23212.53,User 1,7/20/2018
EFG-6-5-T,14,LL,PM,1,6,5,T,23212.53,User 1,7/20/2018
EFG-6-6-L,14,LL,PM,1,6,6,L,23212.53,User 1,7/20/2018
EFG-6-6-M,14,LL,PM,1,6,6,M,23212.53,User 1,7/20/2018
EFG-6-6-N,14,LL,PM,1,6,6,N,23212.53,User 1,7/20/2018
EFG-6-6-R,14,LL,PM,1,6,6,R,23212.53,User 1,7/20/2018
EFG-6-6-S,14,LL,PM,1,6,6,S,23212.53,User 1,7/20/2018
EFG-6-6-T,14,LL,PM,1,6,6,T,23212.53,User 1,7/20/2018
EFG-6-7-B,14,LL,PR,1,6,7,B,23212.53,User 1,7/20/2018
EFG-6-7-C,14,LL,PR,1,6,7,C,23212.53,User 1,7/20/2018
EFG-6-7-D,14,LL,PR,1,6,7,D,23212.53,User 1,7/20/2018
EFG-6-7-E,14,LL,PR,1,6,7,E,23212.53,User 1,7/20/2018
EFG-6-7-P,14,LL,PM,1,6,7,P,23212.53,User 1,7/20/2018
EFG-6-7-R,14,LL,PM,1,6,7,R,23212.53,User 1,7/20/2018
EFG-6-7-T,14,LL,PM,1,6,7,T,23212.53,User 1,7/20/2018
EFG-6-8-A,14,LL,PR,1,6,8,A,23212.53,User 1,7/20/2018
EFG-6-8-B,14,LL,PR,1,6,8,B,23212.53,User 1,7/20/2018
EFG-6-8-C,14,LL,PR,1,6,8,C,23212.53,User 1,7/20/2018
EFG-6-8-D,14,LL,PR,1,6,8,D,23212.53,User 1,7/20/2018
EFG-6-8-E,14,LL,PR,1,6,8,E,23212.53,User 1,7/20/2018
EFG-6-8-F,14,LL,PR,1,6,8,F,23212.53,User 1,7/20/2018
EFG-6-8-K,14,LL,PR,1,6,8,K,23212.53,User 1,7/20/2018
EFG-6-8-L,14,LL,PR,1,6,8,L,23212.53,User 1,7/20/2018
EFG-6-8-M,14,LL,PM,1,6,8,M,13887.5,User 1,7/20/2018
EFG-6-8-N,14,LL,PM,1,6,8,N,23212.53,User 1,7/20/2018
EFG-6-8-S,14,LL,PM,1,6,8,S,23212.53,User 1,7/20/2018
EFG-6-8-T,14,LL,PM,1,6,8,T,23212.53,User 1,7/20/2018
EFG-6-9-E,14,LL,PM,1,6,9,E,13887.5,User 1,7/20/2018
EFG-6-9-F,14,LL,PR,1,6,9,F,13887.5,User 1,7/20/2018
EFG-6-9-I,14,LL,SP,1,6,9,I,23212.53,User 1,7/20/2018
EFG-6-10-O,14,LL,PM,1,6,10,O,23212.53,User 1,7/20/2018
EFG-6-11-P,14,LL,PM,1,6,11,P,23212.53,User 1,7/20/2018
EFG-6-13-I,14,LL,PM,1,6,13,I,23212.53,User 1,7/20/2018
EFG-6-13-J,14,LL,PM,1,6,13,J,23212.53,User 1,7/20/2018
EFG-6-13-N,14,LL,PM,1,6,13,N,23212.53,User 1,7/20/2018
EFG-6-13-O,14,LL,PM,1,6,13,O,23212.53,User 1,7/20/2018
EFG-6-14-F,14,LL,PM,1,6,14,F,23212.53,User 1,7/20/2018
EFG-6-15-E,14,LL,PM,1,6,15,E,23212.53,User 1,7/20/2018
EFG-6-16-H,14,LL,PM,1,6,16,H,23212.53,User 1,7/20/2018
EFG-6-16-S,14,LL,PM,1,6,16,S,23212.53,User 1,7/20/2018
EFG-6-18-M,14,LL,SP,1,6,18,M,23212.53,User 1,7/20/2018
EFG-6-19-K,14,LL,PM,1,6,19,K,23212.53,User 1,7/20/2018
EFG-6-19-L,14,LL,PM,1,6,19,L,23212.53,User 1,7/20/2018
EFG-6-19-M,14,LL,PM,1,6,19,M,23212.53,User 1,7/20/2018
EFG-6-21-F,14,LL,PM,1,6,21,F,23212.53,User 1,7/20/2018
EFG-6-21-G,14,LL,PM,1,6,21,G,23212.53,User 1,7/20/2018
EFG-6-21-H,14,LL,PM,1,6,21,H,23212.53,User 1,7/20/2018
EFG-6-21-I,14,LL,PM,1,6,21,I,23212.53,User 1,7/20/2018
EFG-6-21-K,14,LL,PM,1,6,21,K,23212.53,User 1,7/20/2018
EFG-6-21-L,14,LL,PM,1,6,21,L,23212.53,User 1,7/20/2018
EFG-6-21-P,14,LL,PM,1,6,21,P,23212.53,User 1,7/20/2018
EFG-6-21-Q,14,LL,PM,1,6,21,Q,23212.53,User 1,7/20/2018
EFG-6-21-R,14,LL,PM,1,6,21,R,23212.53,User 1,7/20/2018
EFG-6-21-S,14,LL,PM,1,6,21,S,23212.53,User 1,7/20/2018
EFG-6-21-T,14,LL,PM,1,6,21,T,23212.53,User 1,7/20/2018
EFG-6-22-A,14,LL,PM,1,6,22,A,23212.53,User 1,7/20/2018
EFG-6-22-B,14,LL,PM,1,6,22,B,23212.53,User 1,7/20/2018
EFG-6-22-F,14,LL,PM,1,6,22,F,23212.53,User 1,7/20/2018
EFG-6-22-G,14,LL,PM,1,6,22,G,23212.53,User 1,7/20/2018
EFG-6-22-K,14,LL,PM,1,6,22,K,23212.53,User 1,7/20/2018
EFG-6-22-L,14,LL,PM,1,6,22,L,23212.53,User 1,7/20/2018
EFG-6-22-M,14,LL,PM,1,6,22,M,23212.53,User 1,7/20/2018
EFG-6-22-T,14,LL,PM,1,6,22,T,23212.53,User 1,7/20/2018
EFG-6-23-B,14,LL,PM,1,6,23,B,23212.53,User 1,7/20/2018
EFG-6-23-E,14,LL,PM,1,6,23,E,23212.53,User 1,7/20/2018
EFG-6-23-M,14,LL,PM,1,6,23,M,23212.53,User 1,7/20/2018
EFG-6-23-N,14,LL,PM,1,6,23,N,23212.53,User 1,7/20/2018
EFG-6-23-P,14,LL,PM,1,6,23,P,23212.53,User 1,7/20/2018
EFG-6-23-Q,14,LL,PM,1,6,23,Q,23212.53,User 1,7/20/2018
EFG-6-23-R,14,LL,PM,1,6,23,R,23212.53,User 1,7/20/2018
EFG-6-23-S,14,LL,PM,1,6,23,S,23212.53,User 1,7/20/2018
EFG-6-23-T,14,LL,SP,1,6,23,T,23212.53,User 1,7/20/2018
EFG-6-24-A,14,LL,SP,1,6,24,A,23212.53,User 1,7/20/2018
EFG-6-24-B,14,LL,SP,1,6,24,B,23212.53,User 1,7/20/2018
EFG-6-24-C,14,LL,PR,1,6,24,C,23212.53,User 1,7/20/2018
EFG-6-24-G,14,LL,PR,1,6,24,G,23212.53,User 1,7/20/2018
EFG-6-24-H,14,LL,PR,1,6,24,H,23212.53,User 1,7/20/2018
EFG-6-24-L,14,LL,SP,1,6,24,L,23212.53,User 1,7/20/2018
EFG-6-25-B,14,LL,PR,1,6,25,B,23212.53,User 1,7/20/2018
EFG-6-25-O,14,LL,SP,1,6,25,O,23212.53,User 1,7/20/2018
EFG-6-26-E,14,LL,PM,1,6,26,E,23212.53,User 1,7/20/2018
EFG-6-26-F,14,LL,PM,1,6,26,F,23212.53,User 1,7/20/2018
EFG-6-26-L,14,LL,PM,1,6,26,L,23212.53,User 1,7/20/2018
EFG-6-26-M,14,LL,PM,1,6,26,M,23212.53,User 1,7/20/2018
EFG-6-26-Q,14,LL,PM,1,6,26,Q,23212.53,User 1,7/20/2018
EFG-6-26-R,14,LL,PM,1,6,26,R,23212.53,User 1,7/20/2018
EFG-6-26-S,14,LL,PM,1,6,26,S,23212.53,User 1,7/20/2018
EFG-6-26-T,14,LL,PM,1,6,26,T,23212.53,User 1,7/20/2018
EFG-6-27-A,14,LL,PM,1,6,27,A,23212.53,User 1,7/20/2018
EFG-6-27-B,14,LL,PM,1,6,27,B,23212.53,User 1,7/20/2018
EFG-6-27-D,14,LL,PM,1,6,27,D,23212.53,User 1,7/20/2018
EFG-6-27-E,14,LL,PM,1,6,27,E,23212.53,User 1,7/20/2018
EFG-6-27-F,14,LL,PM,1,6,27,F,23212.53,User 1,7/20/2018
EFG-6-27-H,14,LL,PM,1,6,27,H,23212.53,User 1,7/20/2018
EFG-6-27-K,14,LL,PM,1,6,27,K,23212.53,User 1,7/20/2018
EFG-6-27-L,14,LL,PM,1,6,27,L,23212.53,User 1,7/20/2018
EFG-6-27-P,14,LL,PM,1,6,27,P,23212.53,User 1,7/20/2018
EFG-6-27-Q,14,LL,PM,1,6,27,Q,23212.53,User 1,7/20/2018
EFG-6-27-T,14,LL,PM,1,6,27,T,23212.53,User 1,7/20/2018
EFG-6-28-O,14,LL,PM,1,6,28,O,23212.53,User 1,7/20/2018
EFG-6-28-Q,14,LL,PM,1,6,28,Q,23212.53,User 1,7/20/2018
EFG-6-28-R,14,LL,PM,1,6,28,R,23212.53,User 1,7/20/2018
EFG-6-28-S,14,LL,PM,1,6,28,S,23212.53,User 1,7/20/2018
EFG-6-28-T,14,LL,PM,1,6,28,T,23212.53,User 1,7/20/2018
EFG-6-29-D,14,LL,PM,1,6,29,D,23212.53,User 1,7/20/2018
EFG-6-29-E,14,LL,PM,1,6,29,E,23212.53,User 1,7/20/2018
EFG-6-29-K,14,LL,PM,1,6,29,K,23212.53,User 1,7/20/2018
EFG-6-29-L,14,LL,PM,1,6,29,L,23212.53,User 1,7/20/2018
EFG-6-29-M,14,LL,PM,1,6,29,M,23212.53,User 1,7/20/2018
EFG-6-29-N,14,LL,PM,1,6,29,N,23212.53,User 1,7/20/2018
EFG-6-29-P,14,LL,PM,1,6,29,P,23212.53,User 1,7/20/2018
EFG-6-29-Q,14,LL,PM,1,6,29,Q,23212.53,User 1,7/20/2018
EFG-6-29-R,14,LL,PM,1,6,29,R,23212.53,User 1,7/20/2018
EFG-6-29-S,14,LL,PM,1,6,29,S,23212.53,User 1,7/20/2018
EFG-6-29-T,14,LL,PM,1,6,29,T,23212.53,User 1,7/20/2018
EFG-6-30-K,14,LL,PM,1,6,30,K,23212.53,User 1,7/20/2018
EFG-6-30-L,14,LL,PM,1,6,30,L,23212.53,User 1,7/20/2018
EFG-6-30-M,14,LL,PM,1,6,30,M,23212.53,User 1,7/20/2018
EFG-6-30-O,14,LL,PM,1,6,30,O,23212.53,User 1,7/20/2018
EFG-6-30-P,14,LL,PM,1,6,30,P,23212.53,User 1,7/20/2018
EFG-6-30-Q,14,LL,PM,1,6,30,Q,23212.53,User 1,7/20/2018
EFG-6-30-R,14,LL,PM,1,6,30,R,23212.53,User 1,7/20/2018
EFG-6-30-S,14,LL,PM,1,6,30,S,23212.53,User 1,7/20/2018
EFG-6-30-T,14,LL,PM,1,6,30,T,23212.53,User 1,7/20/2018
EFG-6-31-G,14,LL,PM,1,6,31,G,23212.53,User 1,7/20/2018
EFG-6-31-H,14,LL,PM,1,6,31,H,23212.53,User 1,7/20/2018
EFG-6-31-I,14,LL,PM,1,6,31,I,23212.53,User 1,7/20/2018
EFG-6-31-K,14,LL,PM,1,6,31,K,23212.53,User 1,7/20/2018
EFG-6-31-R,14,LL,PM,1,6,31,R,23212.53,User 1,7/20/2018
EFG-6-32-A,14,LL,PM,1,6,32,A,23212.53,User 1,7/20/2018
EFG-6-32-B,14,LL,PM,1,6,32,B,23212.53,User 1,7/20/2018
EFG-6-32-D,14,LL,SP,1,6,32,D,23212.53,User 1,7/20/2018
EFG-6-32-E,14,LL,SP,1,6,32,E,23212.53,User 1,7/20/2018
EFG-6-32-T,14,LL,PM,1,6,32,T,23212.53,User 1,7/20/2018
EFG-6-32-U,14,LL,SP,1,6,32,U,23212.53,User 1,7/20/2018
EFG-6-32-V,14,LL,SP,1,6,32,V,23212.53,User 1,7/20/2018
EFG-6-32-W,14,LL,PR,1,6,32,W,23212.53,User 1,7/20/2018
EFG-6-32-X,14,LL,PR,1,6,32,X,23212.53,User 1,7/20/2018
EFG-6-33-A,14,LL,PR,1,6,33,A,23212.53,User 1,7/20/2018
EFG-6-33-B,14,LL,PR,1,6,33,B,23212.53,User 1,7/20/2018
EFG-6-33-C,14,LL,PR,1,6,33,C,23212.53,User 1,7/20/2018
EFG-6-33-D,14,LL,PR,1,6,33,D,23212.53,User 1,7/20/2018
EFG-6-33-E,14,LL,PR,1,6,33,E,23212.53,User 1,7/20/2018
EFG-6-33-F,14,LL,SP,1,6,33,F,23212.53,User 1,7/20/2018
EFG-6-33-G,14,LL,PR,1,6,33,G,23212.53,User 1,7/20/2018
EFG-6-33-H,14,LL,PR,1,6,33,H,23212.53,User 1,7/20/2018
EFG-6-33-I,14,LL,PR,1,6,33,I,23212.53,User 1,7/20/2018
EFG-6-33-J,14,LL,PR,1,6,33,J,23212.53,User 1,7/20/2018
EFG-6-34-C,14,LL,PM,1,6,34,C,23212.53,User 1,7/20/2018
EFG-6-34-E,14,LL,PM,1,6,34,E,23212.53,User 1,7/20/2018
EFG-6-34-H,14,LL,PM,1,6,34,H,13887.5,User 1,7/20/2018
EFG-6-34-I,14,LL,PM,1,6,34,I,23212.53,User 1,7/20/2018
EFG-6-34-J,14,LL,PM,1,6,34,J,23212.53,User 1,7/20/2018
EFG-6-34-M,14,LL,SP,1,6,34,M,23212.53,User 1,7/20/2018
EFG-6-34-T,14,LL,PR,1,6,34,T,13887.5,User 1,7/20/2018
EFG-6-35-A,14,LL,PM,1,6,35,A,23212.53,User 1,7/20/2018
EFG-6-35-B,14,LL,PM,1,6,35,B,23212.53,User 1,7/20/2018
EFG-6-35-D,14,LL,PM,1,6,35,D,13887.5,User 1,7/20/2018
EFG-6-35-G,14,LL,PM,1,6,35,G,23212.53,User 1,7/20/2018
EFG-6-35-H,14,LL,PM,1,6,35,H,23212.53,User 1,7/20/2018
EFG-6-35-I,14,LL,PM,1,6,35,I,23212.53,User 1,7/20/2018
EFG-6-35-J,14,LL,PM,1,6,35,J,23212.53,User 1,7/20/2018
EFG-6-35-K,14,LL,SP,1,6,35,K,23212.53,User 1,7/20/2018
EFG-6-35-L,14,LL,PM,1,6,35,L,23212.53,User 1,7/20/2018
EFG-6-35-M,14,LL,PM,1,6,35,M,23212.53,User 1,7/20/2018
EFG-6-35-P,14,LL,PR,1,6,35,P,13887.5,User 1,7/20/2018
EFG-6-35-R,14,LL,SP,1,6,35,R,23212.53,User 1,7/20/2018
EFG-6-35-S,14,LL,SP,1,6,35,S,23212.53,User 1,7/20/2018
EFG-6-35-T,14,LL,SP,1,6,35,T,13887.5,User 1,7/20/2018
EFG-6-36-B,14,LL,PM,1,6,36,B,23212.53,User 1,7/20/2018
EFG-6-36-C,14,LL,PM,1,6,36,C,23212.53,User 1,7/20/2018
EFG-6-36-E,14,LL,PM,1,6,36,E,23212.53,User 1,7/20/2018
EFG-6-36-F,14,LL,PM,1,6,36,F,23212.53,User 1,7/20/2018
EFG-6-36-G,14,LL,PM,1,6,36,G,23212.53,User 1,7/20/2018
EFG-6-36-J,14,LL,PM,1,6,36,J,23212.53,User 1,7/20/2018
EFG-6-36-K,14,LL,PM,1,6,36,K,23212.53,User 1,7/20/2018
EFG-6-36-L,14,LL,PM,1,6,36,L,23212.53,User 1,7/20/2018
EFG-6-36-M,14,LL,PM,1,6,36,M,23212.53,User 1,7/20/2018
EFG-6-36-N,14,LL,PM,1,6,36,N,23212.53,User 1,7/20/2018
EFG-6-36-Q,14,LL,SP,1,6,36,Q,23212.53,User 1,7/20/2018
EFG-6-36-R,14,LL,SP,1,6,36,R,23212.53,User 1,7/20/2018
EFG-6-36-S,14,LL,PM,1,6,36,S,23212.53,User 1,7/20/2018
EFG-6-36-T,14,LL,PM,1,6,36,T,23212.53,User 1,7/20/2018
EFG-6-37-A,14,LL,PM,1,6,37,A,23212.53,User 1,7/20/2018
EFG-6-37-B,14,LL,PM,1,6,37,B,23212.53,User 1,7/20/2018
EFG-6-37-C,14,LL,PM,1,6,37,C,23212.53,User 1,7/20/2018
EFG-6-37-D,14,LL,PM,1,6,37,D,23212.53,User 1,7/20/2018
EFG-6-37-E,14,LL,PM,1,6,37,E,23212.53,User 1,7/20/2018
EFG-6-37-F,14,LL,PM,1,6,37,F,23212.53,User 1,7/20/2018
EFG-6-37-G,14,LL,PM,1,6,37,G,23212.53,User 1,7/20/2018
EFG-6-37-H,14,LL,PM,1,6,37,H,23212.53,User 1,7/20/2018
EFG-6-37-I,14,LL,PM,1,6,37,I,13887.5,User 1,7/20/2018
EFG-7-33-H,14,LL,PM,1,7,33,H,23212.53,User 1,7/20/2018
EFG-6-38-I,14,LL,PM,1,6,38,I,23212.53,User 1,7/20/2018
EFG-6-38-J,14,LL,PM,1,6,38,J,23212.53,User 1,7/20/2018
EFG-6-38-K,14,LL,PM,1,6,38,K,23212.53,User 1,7/20/2018
EFG-6-38-L,14,LL,PM,1,6,38,L,23212.53,User 1,7/20/2018
EFG-6-38-T,14,LL,PM,1,6,38,T,23212.53,User 1,7/20/2018
EFG-6-39-A,14,LL,PM,1,6,39,A,23212.53,User 1,7/20/2018
EFG-6-39-B,14,LL,PM,1,6,39,B,23212.53,User 1,7/20/2018
EFG-6-39-C,14,LL,PM,1,6,39,C,23212.53,User 1,7/20/2018
EFG-6-39-D,14,LL,PM,1,6,39,D,23212.53,User 1,7/20/2018
EFG-6-39-E,14,LL,PM,1,6,39,E,23212.53,User 1,7/20/2018
EFG-6-39-F,14,LL,PM,1,6,39,F,23212.53,User 1,7/20/2018
EFG-6-39-G,14,LL,PM,1,6,39,G,13887.5,User 1,7/20/2018
EFG-6-39-K,14,LL,PM,1,6,39,K,23212.53,User 1,7/20/2018
EFG-6-39-N,14,LL,PM,1,6,39,N,23212.53,User 1,7/20/2018
EFG-6-39-O,14,LL,PM,1,6,39,O,23212.53,User 1,7/20/2018
EFG-6-39-P,14,LL,PM,1,6,39,P,23212.53,User 1,7/20/2018
EFG-6-39-Q,14,LL,PM,1,6,39,Q,23212.53,User 1,7/20/2018
EFG-6-39-R,14,LL,PM,1,6,39,R,23212.53,User 1,7/20/2018
EFG-6-39-S,14,LL,PM,1,6,39,S,23212.53,User 1,7/20/2018
EFG-6-39-T,14,LL,PM,1,6,39,T,23212.53,User 1,7/20/2018
EFG-6-41-G,14,LL,PR,1,6,41,G,23212.53,User 1,7/20/2018
EFG-6-41-H,14,LL,PR,1,6,41,H,23212.53,User 1,7/20/2018
EFG-6-42-H,14,LL,SP,1,6,42,H,13887.5,User 1,7/20/2018
EFG-6-42-I,14,LL,SP,1,6,42,I,13887.5,User 1,7/20/2018
EFG-2-1-F,14,LL,PR,1,2,1,F,23212.53,User 1,7/20/2018
EFG-6-45-A,14,LL,PM,1,6,45,A,23212.53,User 1,7/20/2018
EFG-6-45-D,14,LL,PM,1,6,45,D,23212.53,User 1,7/20/2018
EFG-6-45-G,14,LL,PM,1,6,45,G,13887.5,User 1,7/20/2018
EFG-6-45-H,14,LL,PM,1,6,45,H,13887.5,User 1,7/20/2018
EFG-6-45-I,14,LL,PM,1,6,45,I,23212.53,User 1,7/20/2018
EFG-6-45-J,14,LL,PM,1,6,45,J,23212.53,User 1,7/20/2018
EFG-6-46-A,14,LL,PM,1,6,46,A,23212.53,User 1,7/20/2018
EFG-6-46-H,14,LL,PM,1,6,46,H,13887.5,User 1,7/20/2018
EFG-2-3-O,14,LL,PM,1,2,3,O,23212.53,User 1,7/20/2018
EFG-2-5-G,14,LL,SP,1,2,5,G,23212.53,User 1,7/20/2018
EFG-2-6-H,14,LL,SP,1,2,6,H,23212.53,User 1,7/20/2018
EFG-2-8-N,14,LL,SP,1,2,8,N,23212.53,User 1,7/20/2018
EFG-2-10-A,14,LL,PM,1,2,10,A,23212.53,User 1,7/20/2018
EFG-2-10-M,14,LL,PM,1,2,10,M,23212.53,User 1,7/20/2018
EFG-2-12-D,14,LL,PM,1,2,12,D,23212.53,User 1,7/20/2018
EFG-2-12-Q,14,LL,PM,1,2,12,Q,23212.53,User 1,7/20/2018
EFG-2-13-N,14,LL,PM,1,2,13,N,23212.53,User 1,7/20/2018
EFG-2-14-K,14,LL,PR,1,2,14,K,23212.53,User 1,7/20/2018
EFG-2-14-R,14,LL,SP,1,2,14,R,23212.53,User 1,7/20/2018
EFG-2-15-K,14,LL,PR,1,2,15,K,23212.53,User 1,7/20/2018
EFG-2-15-N,14,LL,SP,1,2,15,N,23212.53,User 1,7/20/2018
EFG-2-18-B,14,LL,PM,1,2,18,B,23212.53,User 1,7/20/2018
EFG-2-20-D,14,LL,SP,1,2,20,D,23212.53,User 1,7/20/2018
EFG-3-2-P,14,LL,PM,1,3,2,P,23212.53,User 1,7/20/2018
EFG-3-2-S,14,LL,PM,1,3,2,S,23212.53,User 1,7/20/2018
EFG-3-2-X,14,LL,PM,1,3,2,X,23212.53,User 1,7/20/2018
EFG-3-6-T,14,LL,PM,1,3,6,T,23212.53,User 1,7/20/2018
EFG-3-7-J,14,LL,SP,1,3,7,J,23212.53,User 1,7/20/2018
EFG-3-8-O,14,LL,PM,1,3,8,O,23212.53,User 1,7/20/2018
EFG-3-8-R,14,LL,SP,1,3,8,R,23212.53,User 1,7/20/2018
EFG-3-8-Y,14,LL,PM,1,3,8,Y,23212.53,User 1,7/20/2018
EFG-3-9-M,14,LL,PM,1,3,9,M,23212.53,User 1,7/20/2018
EFG-3-9-T,14,LL,PM,1,3,9,T,23212.53,User 1,7/20/2018
EFG-3-9-Y,14,LL,PM,1,3,9,Y,13887.5,User 1,7/20/2018
EFG-3-10-K,14,LL,PM,1,3,10,K,23212.53,User 1,7/20/2018
EFG-3-10-T,14,LL,PM,1,3,10,T,23212.53,User 1,7/20/2018
EFG-3-10-X,14,LL,PM,1,3,10,X,23212.53,User 1,7/20/2018
EFG-3-11-P,14,LL,PM,1,3,11,P,23212.53,User 1,7/20/2018
EFG-3-11-U,14,LL,PM,1,3,11,U,23212.53,User 1,7/20/2018
EFG-3-12-V,14,LL,PM,1,3,12,V,13887.5,User 1,7/20/2018
EFG-3-13-A,14,LL,PM,1,3,13,A,23212.53,User 1,7/20/2018
EFG-3-13-T,14,LL,PM,1,3,13,T,23212.53,User 1,7/20/2018
EFG-3-14-D,14,LL,PR,1,3,14,D,23212.53,User 1,7/20/2018
EFG-3-15-K,14,LL,PR,1,3,15,K,23212.53,User 1,7/20/2018
EFG-3-16-P,14,LL,PR,1,3,16,P,23212.53,User 1,7/20/2018
EFG-3-16-R,14,LL,PR,1,3,16,R,23212.53,User 1,7/20/2018
EFG-3-16-S,14,LL,PR,1,3,16,S,23212.53,User 1,7/20/2018
EFG-3-17-D,14,LL,PM,1,3,17,D,23212.53,User 1,7/20/2018
EFG-3-17-M,14,LL,SP,1,3,17,M,23212.53,User 1,7/20/2018
EFG-3-19-K,14,LL,SP,1,3,19,K,23212.53,User 1,7/20/2018
EFG-3-19-L,14,LL,SP,1,3,19,L,23212.53,User 1,7/20/2018
EFG-3-19-P,14,LL,PR,1,3,19,P,23212.53,User 1,7/20/2018
EFG-3-20-Q,14,LL,PR,1,3,20,Q,23212.53,User 1,7/20/2018
EFG-3-20-R,14,LL,PR,1,3,20,R,23212.53,User 1,7/20/2018
EFG-3-20-S,14,LL,PR,1,3,20,S,23212.53,User 1,7/20/2018
EFG-4-1-D,14,LL,PR,1,4,1,D,13887.5,User 1,7/20/2018
EFG-4-1-F,14,LL,PR,1,4,1,F,23212.53,User 1,7/20/2018
EFG-4-1-G,14,LL,PR,1,4,1,G,23212.53,User 1,7/20/2018
EFG-4-1-H,14,LL,SP,1,4,1,H,23212.53,User 1,7/20/2018
EFG-4-1-M,14,LL,SP,1,4,1,M,23212.53,User 1,7/20/2018
EFG-4-3-D,14,LL,PR,1,4,3,D,23212.53,User 1,7/20/2018
EFG-4-3-E,14,LL,PR,1,4,3,E,23212.53,User 1,7/20/2018
EFG-4-9-S,14,LL,PM,1,4,9,S,23212.53,User 1,7/20/2018
EFG-4-10-D,14,LL,PR,1,4,10,D,23212.53,User 1,7/20/2018
EFG-4-10-E,14,LL,PR,1,4,10,E,23212.53,User 1,7/20/2018
EFG-4-12-D,14,LL,PR,1,4,12,D,23212.53,User 1,7/20/2018
EFG-4-13-M,14,LL,PR,1,4,13,M,23212.53,User 1,7/20/2018
EFG-4-14-F,14,LL,SP,1,4,14,F,23212.53,User 1,7/20/2018
EFG-4-14-L,14,LL,PR,1,4,14,L,23212.53,User 1,7/20/2018
EFG-4-15-O,14,LL,PR,1,4,15,O,23212.53,User 1,7/20/2018
EFG-4-22-J,14,LL,PM,1,4,22,J,23212.53,User 1,7/20/2018
EFG-4-22-V,14,LL,PR,1,4,22,V,23212.53,User 1,7/20/2018
EFG-4-22-W,14,LL,PR,1,4,22,W,23212.53,User 1,7/20/2018
EFG-4-23-F,14,LL,PM,1,4,23,F,23212.53,User 1,7/20/2018
EFG-4-23-G,14,LL,PM,1,4,23,G,23212.53,User 1,7/20/2018
EFG-4-23-H,14,LL,PM,1,4,23,H,23212.53,User 1,7/20/2018
EFG-4-23-O,14,LL,SP,1,4,23,O,23212.53,User 1,7/20/2018
EFG-4-23-X,14,LL,PR,1,4,23,X,23212.53,User 1,7/20/2018
EFG-4-23-Y,14,LL,PR,1,4,23,Y,23212.53,User 1,7/20/2018
EFG-3-10-J,14,LL,PM,1,3,10,J,23212.53,User 1,12/4/2019
EFG-3-11-M,14,LL,PM,1,3,11,M,23212.53,User 1,12/4/2019
EFG-3-12-A,14,LL,PM,1,3,12,A,23212.53,User 1,12/4/2019
EFG-3-12-Q,14,LL,PM,1,3,12,Q,23212.53,User 1,12/4/2019
EFG-3-12-T,14,LL,PM,1,3,12,T,23212.53,User 1,12/4/2019
EFG-3-16-B,14,LL,PM,1,3,16,B,23212.53,User 1,12/4/2019
EFG-3-18-D,14,LL,PM,1,3,18,D,23212.53,User 1,12/4/2019
EFG-2-3-D,14,LL,PR,1,2,3,D,23212.53,User 1,12/4/2019
EFG-2-3-M,14,LL,PM,1,2,3,M,23212.53,User 1,12/4/2019
EFG-2-6-P,14,LL-S,PM,1,2,6,P,23212.53,User 1,12/4/2019
EFG-2-10-B,14,LL,PM,1,2,10,B,23212.53,User 1,12/4/2019
EFG-2-11-C,14,LL,PM,1,2,11,C,23212.53,User 1,12/4/2019
EFG-2-11-D,14,LL,PM,1,2,11,D,23212.53,User 1,12/4/2019
EFG-2-11-W,14,LL-S,PM,1,2,11,W,23212.53,User 1,12/4/2019
EFG-2-13-G,14,LL,PM,1,2,13,G,23212.53,User 1,12/4/2019
EFG-2-15-L,14,LL,PR,1,2,15,L,23212.53,User 1,12/4/2019
EFG-3-3-V,14,LL,PM,1,3,3,V,23212.53,User 1,12/4/2019
EFG-3-4-T,14,LL,PM,1,3,4,T,23212.53,User 1,12/4/2019
EFG-3-4-U,14,LL,PM,1,3,4,U,13887.5,User 1,12/4/2019
EFG-3-4-W,14,LL,PM,1,3,4,W,13887.5,User 1,12/4/2019
EFG-1-8-D,14,LL-S,PR,1,1,8,D,23212.53,User 1,5/27/2022
EFG-1-8-E,14,LL-S,PR,1,1,8,E,23212.53,User 1,5/27/2022
EFG-1-8-T,14,LL-S,PM,1,1,8,T,23212.53,User 1,5/27/2022
EFG-1-8-Y,14,LL-S,PM,1,1,8,Y,23212.53,User 1,5/27/2022
EFG-1-9-L,14,LL-S,PM,1,1,9,L,23212.53,User 1,5/27/2022
EFG-1-9-O,14,LL-S,PM,1,1,9,O,23212.53,User 1,5/27/2022
EFG-1-10-L,14,LL-S,PM,1,1,10,L,23212.53,User 1,5/27/2022
EFG-1-10-M,14,LL-S,PM,1,1,10,M,23212.53,User 1,5/27/2022
EFG-1-11-G,14,LL-S,SP,1,1,11,G,23212.53,User 1,5/27/2022
EFG-1-11-P,14,LL-S,PM,1,1,11,P,23212.53,User 1,5/27/2022
EFG-1-11-Q,14,LL-S,PM,1,1,11,Q,23212.53,User 1,5/27/2022
EFG-1-11-Y,14,LL-S,PM,1,1,11,Y,23212.53,User 1,5/27/2022
EFG-1-13-B,14,LL-S,PR,1,1,13,B,23212.53,User 1,5/27/2022
EFG-1-13-I,14,LL-S,SP,1,1,13,I,23212.53,User 1,5/27/2022
EFG-1-13-J,14,LL-S,SP,1,1,13,J,23212.53,User 1,5/27/2022
EFG-1-13-N,14,LL-S,PM,1,1,13,N,23212.53,User 1,5/27/2022
EFG-1-13-R,14,LL-S,PM,1,1,13,R,23212.53,User 1,5/27/2022
EFG-1-13-U,14,LL-S,PM,1,1,13,U,23212.53,User 1,5/27/2022
EFG-1-14-U,14,LL-S,PM,1,1,14,U,23212.53,User 1,5/27/2022
EFG-1-15-E,14,LL-S,PR,1,1,15,E,23212.53,User 1,5/27/2022
EFG-1-15-R,14,LL-S,PM,1,1,15,R,23212.53,User 1,5/27/2022
EFG-1-15-S,14,LL-S,PM,1,1,15,S,23212.53,User 1,5/27/2022
EFG-1-15-T,14,LL-S,PM,1,1,15,T,23212.53,User 1,5/27/2022
EFG-1-16-E,14,LL-S,PR,1,1,16,E,23212.53,User 1,5/27/2022
EFG-1-17-T,14,LL-S,PM,1,1,17,T,23212.53,User 1,5/27/2022
EFG-1-18-O,14,LL-S,PM,1,1,18,O,23212.53,User 1,5/27/2022
EFG-1-19-M,14,LL-S,PM,1,1,19,M,23212.53,User 1,5/27/2022
EFG-1-20-K,14,LL-S,PM,1,1,20,K,23212.53,User 1,5/27/2022
EFG-1-21-N,14,LL-S,PM,1,1,21,N,23212.53,User 1,5/27/2022
EFG-1-21-O,14,LL-S,PM,1,1,21,O,23212.53,User 1,5/27/2022
EFG-1-21-U,14,LL-S,PM,1,1,21,U,23212.53,User 1,5/27/2022
EFG-1-22-P,14,LL-S,PM,1,1,22,P,23212.53,User 1,5/27/2022
EFG-1-22-Q,14,LL-S,PM,1,1,22,Q,23212.53,User 1,5/27/2022
EFG-1-24-U,14,LL-S,PM,1,1,24,U,23212.53,User 1,5/27/2022
EFG-1-24-V,14,LL-S,PM,1,1,24,V,23212.53,User 1,5/27/2022
EFG-1-25-W,14,LL-S,PM,1,1,25,W,23212.53,User 1,5/27/2022
EFG-1-25-Y,14,LL-S,PM,1,1,25,Y,23212.53,User 1,5/27/2022
EFG-9-3-Q,14,LL,PM,1,9,3,Q,23212.53,User 1,8/4/2022
EFG-9-3-R,14,LL,PM,1,9,3,R,23212.53,User 1,8/4/2022
EFG-9-3-T,14,LL,PM,1,9,3,T,23212.53,User 1,8/4/2022
EFG-9-3-U,14,LL,PM,1,9,3,U,23212.53,User 1,8/4/2022
EFG-9-3-V,14,LL,PM,1,9,3,V,23212.53,User 1,8/4/2022
EFG-9-3-W,14,LL,PM,1,9,3,W,23212.53,User 1,8/4/2022
EFG-9-3-X,14,LL,PM,1,9,3,X,23212.53,User 1,8/4/2022
EFG-9-3-Y,14,LL,PM,1,9,3,Y,23212.53,User 1,8/4/2022
EFG-9-4-Q,14,LL,PM,1,9,4,Q,23212.53,User 1,8/4/2022
EFG-9-4-R,14,LL,PM,1,9,4,R,23212.53,User 1,8/4/2022
EFG-9-4-S,14,LL,PM,1,9,4,S,23212.53,User 1,8/4/2022
EFG-9-4-U,14,LL,PM,1,9,4,U,23212.53,User 1,8/4/2022
EFG-9-4-V,14,LL,PM,1,9,4,V,23212.53,User 1,8/4/2022
EFG-9-4-W,14,LL,PM,1,9,4,W,23212.53,User 1,8/4/2022
EFG-9-4-X,14,LL,PM,1,9,4,X,23212.53,User 1,8/4/2022
EFG-9-4-Y,14,LL,PM,1,9,4,Y,23212.53,User 1,8/4/2022
EFG-9-5-T,14,LL,PM,1,9,5,T,23212.53,User 1,8/4/2022
EFG-9-11-C,14,LL,PM,1,9,11,C,23212.53,User 1,8/4/2022
EFG-9-11-D,14,LL,PM,1,9,11,D,23212.53,User 1,8/4/2022
EFG-9-11-I,14,LL,PM,1,9,11,I,23212.53,User 1,8/4/2022
EFG-9-12-A,14,LL,PM,1,9,12,A,23212.53,User 1,8/4/2022
EFG-9-12-B,14,LL,PM,1,9,12,B,23212.53,User 1,8/4/2022
EFG-9-12-C,14,LL,PM,1,9,12,C,23212.53,User 1,8/4/2022
EFG-9-12-D,14,LL,PM,1,9,12,D,23212.53,User 1,8/4/2022
EFG-9-12-E,14,LL,PM,1,9,12,E,23212.53,User 1,8/4/2022
EFG-9-12-F,14,LL,PM,1,9,12,F,23212.53,User 1,8/4/2022
EFG-9-12-G,14,LL,PM,1,9,12,G,23212.53,User 1,8/4/2022
EFG-9-12-H,14,LL,PM,1,9,12,H,23212.53,User 1,8/4/2022
EFG-9-12-I,14,LL,PM,1,9,12,I,23212.53,User 1,8/4/2022
EFG-9-12-J,14,LL,PM,1,9,12,J,23212.53,User 1,8/4/2022
EFG-9-13-A,14,LL,PM,1,9,13,A,23212.53,User 1,8/4/2022
EFG-9-13-B,14,LL,PM,1,9,13,B,23212.53,User 1,8/4/2022
EFG-9-13-C,14,LL,PM,1,9,13,C,23212.53,User 1,8/4/2022
EFG-9-13-D,14,LL,PM,1,9,13,D,23212.53,User 1,8/4/2022
EFG-9-13-E,14,LL,PM,1,9,13,E,23212.53,User 1,8/4/2022
EFG-9-13-F,14,LL,PM,1,9,13,F,23212.53,User 1,8/4/2022
EFG-9-13-G,14,LL,PM,1,9,13,G,23212.53,User 1,8/4/2022
EFG-9-13-H,14,LL,PM,1,9,13,H,23212.53,User 1,8/4/2022
EFG-9-13-I,14,LL,PM,1,9,13,I,23212.53,User 1,8/4/2022
EFG-9-13-L,14,LL,PM,1,9,13,L,23212.53,User 1,8/4/2022
EFG-9-14-A,14,LL,PM,1,9,14,A,23212.53,User 1,8/4/2022
EFG-9-18-C,14,LL,PM,1,9,18,C,23212.53,User 1,8/4/2022
EFG-5C-5-C,14,FE,PM,1,5C,5,C,278550.36,User 1,7/26/2023
EFG-5C-5-D,14,FE,PM,1,5C,5,D,278550.36,User 1,7/26/2023
EFG-5C-5-E,14,FE,PM,1,5C,5,E,278550.36,User 1,7/26/2023
EFG-5C-5-F,14,FE,PM,1,5C,5,F,278550.36,User 1,7/26/2023
EFG-5C-5-G,14,FE,PM,1,5C,5,G,278550.36,User 1,7/26/2023
EFG-5C-5-H,14,FE,PM,1,5C,5,H,278550.36,User 1,7/26/2023
EFG-1-10-W,14,LL-S,PM,1,1,10,W,23212.53,User 1,10/11/2023
EFG-19-40-K,14,LL,SP,1,19,40,K,23212.53,User 1,5/29/2024
EFG-19-40-L,14,LL,SP,1,19,40,L,23212.53,User 1,5/29/2024
EFG-19-40-M,14,LL,SP,1,19,40,M,23212.53,User 1,5/29/2024
EFG-19-40-O,14,LL,SP,1,19,40,O,23212.53,User 1,5/29/2024
EFG-19-42-K,14,LL,SP,1,19,42,K,23212.53,User 1,5/29/2024
EFG-19-42-L,14,LL,SP,1,19,42,L,23212.53,User 1,5/29/2024
EFG-19-42-M,14,LL,SP,1,19,42,M,23212.53,User 1,5/29/2024
EFG-19-42-N,14,LL,SP,1,19,42,N,23212.53,User 1,5/29/2024
EFG-19-42-O,14,LL,SP,1,19,42,O,23212.53,User 1,5/29/2024
EFG-19-43-K,14,LL,SP,1,19,43,K,23212.53,User 1,5/29/2024
EFG-19-43-L,14,LL,SP,1,19,43,L,23212.53,User 1,5/29/2024
EFG-19-6-E,14,LL,PM,1,19,6,E,23212.53,User 1,5/29/2024
EFG-19-6-F,14,LL,PM,1,19,6,F,23212.53,User 1,5/29/2024
EFG-19-6-G,14,LL,PM,1,19,6,G,23212.53,User 1,5/29/2024
EFG-19-6-H,14,LL,PM,1,19,6,H,23212.53,User 1,5/29/2024
EFG-19-6-J,14,LL,PM,1,19,6,J,23212.53,User 1,5/29/2024
EFG-19-6-K,14,LL,PM,1,19,6,K,23212.53,User 1,5/29/2024
EFG-19-6-L,14,LL,PM,1,19,6,L,23212.53,User 1,5/29/2024
EFG-19-6-O,14,LL,PM,1,19,6,O,23212.53,User 1,5/29/2024
EFG-19-6-P,14,LL,PM,1,19,6,P,23212.53,User 1,5/29/2024
EFG-19-6-Q,14,LL,PM,1,19,6,Q,23212.53,User 1,5/29/2024
EFG-19-6-R,14,LL,PM,1,19,6,R,23212.53,User 1,5/29/2024
EFG-19-6-S,14,LL,PM,1,19,6,S,23212.53,User 1,5/29/2024
EFG-19-6-T,14,LL,PM,1,19,6,T,23212.53,User 1,5/29/2024
EFG-19-7-P,14,LL,PM,1,19,7,P,23212.53,User 1,5/29/2024
EFG-19-7-Q,14,LL,PM,1,19,7,Q,23212.53,User 1,5/29/2024
EFG-19-16-H,14,LL,PR,1,19,16,H,23212.53,User 1,5/29/2024
EFG-19-19-Q,14,LL,PM,1,19,19,Q,23212.53,User 1,5/29/2024
EFG-19-19-R,14,LL,PM,1,19,19,R,23212.53,User 1,5/29/2024
EFG-19-20-F,14,LL,PM,1,19,20,F,23212.53,User 1,5/29/2024
EFG-19-20-O,14,LL,PM,1,19,20,O,23212.53,User 1,5/29/2024
EFG-19-1-F,14,LL,PM,1,19,1,F,23212.53,User 1,5/29/2024
EFG-19-1-G,14,LL,PM,1,19,1,G,23212.53,User 1,5/29/2024
EFG-19-1-H,14,LL,PM,1,19,1,H,23212.53,User 1,5/29/2024
EFG-19-6-B,14,LL,PM,1,19,6,B,23212.53,User 1,5/29/2024
EFG-19-6-C,14,LL,PM,1,19,6,C,23212.53,User 1,5/29/2024
EFG-19-6-D,14,LL,PM,1,19,6,D,23212.53,User 1,5/29/2024
EFG-19-33-R,14,LL,PM,1,19,33,R,23212.53,User 1,5/29/2024
EFG-19-33-S,14,LL,PM,1,19,33,S,23212.53,User 1,5/29/2024
HIJ-16-3-O,18,LL-S,PM,1,16,3,O,11501.47,User 1,2/4/2019
HIJ-16-3-P,18,LL-S,PM,1,16,3,P,11501.47,User 1,2/4/2019
HIJ-16-3-Q,18,LL-S,PM,1,16,3,Q,11501.47,User 1,2/4/2019
HIJ-16-3-R,18,LL-S,PM,1,16,3,R,11501.47,User 1,2/4/2019
HIJ-16-3-S,18,LL-S,PM,1,16,3,S,11501.47,User 1,2/4/2019
HIJ-16-4-K,18,LL-S,PM,1,16,4,K,11501.47,User 1,2/4/2019
HIJ-16-4-L,18,LL-S,PM,1,16,4,L,11501.47,User 1,2/4/2019
HIJ-16-4-M,18,LL-S,PM,1,16,4,M,11501.47,User 1,2/4/2019
HIJ-16-4-N,18,LL-S,PM,1,16,4,N,11501.47,User 1,2/4/2019
HIJ-16-4-O,18,LL-S,PM,1,16,4,O,11501.47,User 1,2/4/2019
HIJ-16-4-P,18,LL-S,PM,1,16,4,P,11501.47,User 1,2/4/2019
HIJ-16-4-R,18,LL-S,PM,1,16,4,R,11501.47,User 1,2/4/2019
HIJ-16-5-B,18,LL-S,PR,1,16,5,B,11501.47,User 1,2/4/2019
HIJ-16-5-K,18,LL-S,PM,1,16,5,K,11501.47,User 1,2/4/2019
HIJ-16-5-L,18,LL-S,PM,1,16,5,L,11501.47,User 1,2/4/2019
HIJ-16-6-B,18,LL-S,PR,1,16,6,B,11501.47,User 1,2/4/2019
HIJ-16-1-I,18,LL-S,SP,1,16,1,I,11501.47,User 1,2/4/2019
HIJ-16-1-J,18,LL-S,SP,1,16,1,J,11501.47,User 1,2/4/2019
HIJ-16-1-M,18,LL-S,SP,1,16,1,M,11501.47,User 1,2/4/2019
HIJ-16-1-N,18,LL-S,SP,1,16,1,N,11501.47,User 1,2/4/2019
HIJ-16-1-T,18,LL-S,PM,1,16,1,T,11501.47,User 1,2/4/2019
HIJ-16-2-N,18,LL-S,PM,1,16,2,N,11501.47,User 1,2/4/2019
HIJ-16-2-O,18,LL-S,PM,1,16,2,O,11501.47,User 1,2/4/2019
HIJ-16-2-P,18,LL-S,PM,1,16,2,P,11501.47,User 1,2/4/2019
HIJ-16-2-Q,18,LL-S,PM,1,16,2,Q,11501.47,User 1,2/4/2019
HIJ-16-2-R,18,LL-S,PM,1,16,2,R,11501.47,User 1,2/4/2019
HIJ-16-2-S,18,LL-S,PM,1,16,2,S,11501.47,User 1,2/4/2019
HIJ-16-2-T,18,LL-S,PM,1,16,2,T,11501.47,User 1,2/4/2019
HIJ-16-3-J,18,LL-S,SP,1,16,3,J,11501.47,User 1,2/4/2019
HIJ-16-3-K,18,LL-S,PM,1,16,3,K,11501.47,User 1,2/4/2019
HIJ-16-3-L,18,LL-S,PM,1,16,3,L,11501.47,User 1,2/4/2019
HIJ-16-3-M,18,LL-S,PM,1,16,3,M,11501.47,User 1,2/4/2019
HIJ-16-3-N,18,LL-S,PM,1,16,3,N,11501.47,User 1,2/4/2019
HIJ-16-6-K,18,LL-S,PM,1,16,6,K,11501.47,User 1,2/4/2019
HIJ-16-6-L,18,LL-S,PM,1,16,6,L,11501.47,User 1,2/4/2019
HIJ-16-6-M,18,LL-S,PM,1,16,6,M,11501.47,User 1,2/4/2019
HIJ-16-6-N,18,LL-S,PM,1,16,6,N,11501.47,User 1,2/4/2019
HIJ-16-6-O,18,LL-S,PM,1,16,6,O,11501.47,User 1,2/4/2019
HIJ-16-9-E,18,LL-S,PR,1,16,9,E,11501.47,User 1,2/4/2019
HIJ-16-9-P,18,LL-S,PM,1,16,9,P,11501.47,User 1,2/4/2019
HIJ-16-9-Q,18,LL-S,PM,1,16,9,Q,11501.47,User 1,2/4/2019
HIJ-16-10-G,18,LL-S,SP,1,16,10,G,11501.47,User 1,2/4/2019
HIJ-16-10-K,18,LL-S,PM,1,16,10,K,11501.47,User 1,2/4/2019
HIJ-16-10-L,18,LL-S,PM,1,16,10,L,11501.47,User 1,2/4/2019
HIJ-16-10-M,18,LL-S,PM,1,16,10,M,11501.47,User 1,2/4/2019
HIJ-16-10-Q,18,LL-S,PM,1,16,10,Q,11501.47,User 1,2/4/2019
HIJ-16-10-R,18,LL-S,PM,1,16,10,R,11501.47,User 1,2/4/2019
HIJ-16-10-S,18,LL-S,PM,1,16,10,S,11501.47,User 1,2/4/2019
HIJ-16-11-D,18,LL-S,PR,1,16,11,D,11501.47,User 1,2/4/2019
HIJ-16-11-J,18,LL-S,SP,1,16,11,J,11501.47,User 1,2/4/2019
HIJ-16-12-C,18,LL-S,SP,1,16,12,C,11501.47,User 1,2/4/2019
HIJ-16-12-D,18,LL-S,SP,1,16,12,D,11501.47,User 1,2/4/2019
HIJ-16-12-E,18,LL-S,PM,1,16,12,E,11501.47,User 1,2/4/2019
HIJ-16-12-J,18,LL-S,PM,1,16,12,J,11501.47,User 1,2/4/2019
HIJ-16-12-N,18,LL-S,SP,1,16,12,N,11501.47,User 1,2/4/2019
HIJ-16-12-O,18,LL-S,PM,1,16,12,O,11501.47,User 1,2/4/2019
HIJ-16-13-B,18,LL-S,PM,1,16,13,B,11501.47,User 1,2/4/2019
HIJ-16-13-D,18,LL-S,PM,1,16,13,D,11501.47,User 1,2/4/2019
HIJ-16-13-E,18,LL-S,PM,1,16,13,E,11501.47,User 1,2/4/2019
HIJ-16-13-F,18,LL-S,PM,1,16,13,F,11501.47,User 1,2/4/2019
HIJ-16-13-G,18,LL-S,PM,1,16,13,G,11501.47,User 1,2/4/2019
HIJ-16-13-I,18,LL-S,PM,1,16,13,I,11501.47,User 1,2/4/2019
HIJ-16-13-J,18,LL-S,PM,1,16,13,J,11501.47,User 1,2/4/2019
HIJ-16-13-L,18,LL-S,PM,1,16,13,L,11501.47,User 1,2/4/2019
HIJ-16-13-M,18,LL-S,PM,1,16,13,M,11501.47,User 1,2/4/2019
HIJ-16-13-N,18,LL-S,PM,1,16,13,N,11501.47,User 1,2/4/2019
HIJ-16-13-P,18,LL-S,PM,1,16,13,P,8378.5,User 1,2/4/2019
HIJ-16-13-Q,18,LL-S,PM,1,16,13,Q,11501.47,User 1,2/4/2019
HIJ-16-13-R,18,LL-S,PM,1,16,13,R,11501.47,User 1,2/4/2019
HIJ-16-14-B,18,LL-S,PM,1,16,14,B,11501.47,User 1,2/4/2019
HIJ-16-14-C,18,LL-S,PM,1,16,14,C,11501.47,User 1,2/4/2019
HIJ-16-14-D,18,LL-S,PM,1,16,14,D,11501.47,User 1,2/4/2019
HIJ-16-16-B,18,LL-S,PM,1,16,16,B,11501.47,User 1,2/4/2019
HIJ-16-17-B,18,LL-S,PM,1,16,17,B,11501.47,User 1,2/4/2019
HIJ-16-17-C,18,LL-S,PM,1,16,17,C,11501.47,User 1,2/4/2019
HIJ-16-17-D,18,LL-S,PM,1,16,17,D,11501.47,User 1,2/4/2019
HIJ-16-17-E,18,LL-S,PM,1,16,17,E,11501.47,User 1,2/4/2019
HIJ-16-18-A,18,LL-S,PM,1,16,18,A,11501.47,User 1,2/4/2019
HIJ-16-18-H,18,LL-S,PM,1,16,18,H,11501.47,User 1,2/4/2019
HIJ-16-18-I,18,LL-S,PM,1,16,18,I,11501.47,User 1,2/4/2019
HIJ-16-23-C,18,LL-S,SP,1,16,23,C,11501.47,User 1,2/4/2019
HIJ-16-23-D,18,LL-S,SP,1,16,23,D,11501.47,User 1,2/4/2019
HIJ-16-23-E,18,LL-S,PM,1,16,23,E,11501.47,User 1,2/4/2019
HIJ-16-23-I,18,LL-S,SP,1,16,23,I,11501.47,User 1,2/4/2019
HIJ-16-23-J,18,LL-S,SP,1,16,23,J,11501.47,User 1,2/4/2019
HIJ-16-23-K,18,LL-S,PR,1,16,23,K,11501.47,User 1,2/4/2019
HIJ-16-23-L,18,LL-S,PR,1,16,23,L,11501.47,User 1,2/4/2019
HIJ-16-23-M,18,LL-S,PR,1,16,23,M,11501.47,User 1,2/4/2019
HIJ-16-23-N,18,LL-S,PR,1,16,23,N,11501.47,User 1,2/4/2019
HIJ-16-23-O,18,LL-S,PR,1,16,23,O,11501.47,User 1,2/4/2019
HIJ-16-24-B,18,LL-S,PM,1,16,24,B,11501.47,User 1,2/4/2019
HIJ-16-24-C,18,LL-S,PM,1,16,24,C,11501.47,User 1,2/4/2019
HIJ-16-26-I,18,LL-S,PR,1,16,26,I,11501.47,User 1,2/4/2019
HIJ-16-28-C,18,LL-S,PM,1,16,28,C,11501.47,User 1,2/4/2019
HIJ-16-29-A,18,LL-S,SP,1,16,29,A,11501.47,User 1,2/4/2019
HIJ-16-29-G,18,LL-S,PR,1,16,29,G,11501.47,User 1,2/4/2019
HIJ-30-2-E,18,LL,PR,1,30,2,E,11501.47,User 1,2/4/2019
HIJ-17-2-K,18,LL-S,PM,1,17,2,K,11501.47,User 1,8/13/2019
HIJ-17-5-B,18,LL-S,PR,1,17,5,B,11501.47,User 1,8/13/2019
HIJ-17-7-F,18,LL-S,SP,1,17,7,F,11501.47,User 1,8/13/2019
HIJ-17-9-O,18,LL-S,PM,1,17,9,O,11501.47,User 1,8/13/2019
HIJ-17-10-F,18,LL-S,SP,1,17,10,F,11501.47,User 1,8/13/2019
HIJ-17-10-G,18,LL-S,SP,1,17,10,G,11501.47,User 1,8/13/2019
HIJ-17-11-Q,18,LL-S,SP,1,17,11,Q,11501.47,User 1,8/13/2019
HIJ-17-11-R,18,LL-S,SP,1,17,11,R,11501.47,User 1,8/13/2019
HIJ-17-19-F,18,LL-S,PM,1,17,19,F,11501.47,User 1,8/13/2019
HIJ-17-19-O,18,LL-S,PM,1,17,19,O,11501.47,User 1,8/13/2019
HIJ-17-20-O,18,LL-S,PM,1,17,20,O,11501.47,User 1,8/13/2019
HIJ-17-20-P,18,LL-S,PM,1,17,20,P,11501.47,User 1,8/13/2019
HIJ-17-20-S,18,LL-S,PM,1,17,20,S,11501.47,User 1,8/13/2019
HIJ-17-20-T,18,LL-S,PM,1,17,20,T,11501.47,User 1,8/13/2019
HIJ-17-21-C,18,LL-S,PM,1,17,21,C,11501.47,User 1,8/13/2019
HIJ-17-21-F,18,LL-S,PM,1,17,21,F,11501.47,User 1,8/13/2019
HIJ-17-21-G,18,LL-S,PM,1,17,21,G,11501.47,User 1,8/13/2019
HIJ-17-21-J,18,LL-S,PM,1,17,21,J,11501.47,User 1,8/13/2019
HIJ-17-21-K,18,LL-S,PM,1,17,21,K,11501.47,User 1,8/13/2019
HIJ-17-21-L,18,LL-S,PM,1,17,21,L,11501.47,User 1,8/13/2019
HIJ-17-21-M,18,LL-S,PM,1,17,21,M,11501.47,User 1,8/13/2019
HIJ-17-21-N,18,LL-S,PM,1,17,21,N,11501.47,User 1,8/13/2019
HIJ-17-21-O,18,LL-S,PM,1,17,21,O,11501.47,User 1,8/13/2019
HIJ-17-21-P,18,LL-S,PM,1,17,21,P,11501.47,User 1,8/13/2019
HIJ-17-22-K,18,LL-S,PM,1,17,22,K,11501.47,User 1,8/13/2019
HIJ-17-24-J,18,LL-S,SP,1,17,24,J,11501.47,User 1,8/13/2019
HIJ-17-25-F,18,LL-S,SP,1,17,25,F,11501.47,User 1,8/13/2019
HIJ-17-25-G,18,LL-S,SP,1,17,25,G,11501.47,User 1,8/13/2019
HIJ-17-26-I,18,LL-S,SP,1,17,26,I,11501.47,User 1,8/13/2019
HIJ-17-27-G,18,LL-S,PM,1,17,27,G,11501.47,User 1,8/13/2019
HIJ-17-28-M,18,LL-S,PR,1,17,28,M,11501.47,User 1,8/13/2019
HIJ-17-28-O,18,LL-S,PR,1,17,28,O,11501.47,User 1,8/13/2019
HIJ-27-5-F,18,LL-S,SP,1,27,5,F,11501.47,User 1,9/5/2019
HIJ-27-8-A,18,LL-S,SP,1,27,8,A,11501.47,User 1,9/5/2019
HIJ-27-8-B,18,LL-S,SP,1,27,8,B,11501.47,User 1,9/5/2019
HIJ-27-10-A,18,LL-S,SP,1,27,10,A,11501.47,User 1,9/5/2019
HIJ-27-10-B,18,LL-S,SP,1,27,10,B,11501.47,User 1,9/5/2019
HIJ-27-11-A,18,LL-S,PR,1,27,11,A,11501.47,User 1,9/5/2019
HIJ-27-11-B,18,LL-S,PR,1,27,11,B,11501.47,User 1,9/5/2019
HIJ-27-11-K,18,LL-S,PR,1,27,11,K,11501.47,User 1,9/5/2019
HIJ-27-11-P,18,LL-S,PR,1,27,11,P,11501.47,User 1,9/5/2019
HIJ-27-11-Q,18,LL-S,PR,1,27,11,Q,11501.47,User 1,9/5/2019
HIJ-27-12-B,18,LL-S,PM,1,27,12,B,11501.47,User 1,9/5/2019
HIJ-27-12-D,18,LL-S,PM,1,27,12,D,11501.47,User 1,9/5/2019
HIJ-27-12-E,18,LL-S,PM,1,27,12,E,11501.47,User 1,9/5/2019
HIJ-27-12-F,18,LL-S,PM,1,27,12,F,11501.47,User 1,9/5/2019
HIJ-27-12-G,18,LL-S,PM,1,27,12,G,11501.47,User 1,9/5/2019
HIJ-27-12-H,18,LL-S,PM,1,27,12,H,11501.47,User 1,9/5/2019
HIJ-27-12-I,18,LL-S,PM,1,27,12,I,11501.47,User 1,9/5/2019
HIJ-27-12-J,18,LL-S,PM,1,27,12,J,11501.47,User 1,9/5/2019
HIJ-27-13-F,18,LL-S,PM,1,27,13,F,11501.47,User 1,9/5/2019
HIJ-27-16-D,18,LL-S,PM,1,27,16,D,11501.47,User 1,9/5/2019
HIJ-27-16-E,18,LL-S,PM,1,27,16,E,11501.47,User 1,9/5/2019
HIJ-27-20-N,18,LL-S,PR,1,27,20,N,11501.47,User 1,9/5/2019
HIJ-27-20-T,18,LL-S,PR,1,27,20,T,11501.47,User 1,9/5/2019
HIJ-27-27-I,18,LL-S,PM,1,27,27,I,11501.47,User 1,9/5/2019
HIJ-27-30-T,18,LL-S,PM,1,27,30,T,11501.47,User 1,9/5/2019
HIJ-27-31-L,18,LL-S,SP,1,27,31,L,11501.47,User 1,9/5/2019
HIJ-27-31-M,18,LL-S,PR,1,27,31,M,11501.47,User 1,9/5/2019
HIJ-27-32-J,18,LL-S,PR,1,27,32,J,11501.47,User 1,9/5/2019
HIJ-27-32-K,18,LL-S,PR,1,27,32,K,11501.47,User 1,9/5/2019
HIJ-27-32-L,18,LL-S,PR,1,27,32,L,11501.47,User 1,9/5/2019
HIJ-27-33-J,18,LL-S,PR,1,27,33,J,11501.47,User 1,9/5/2019
HIJ-27-34-F,18,LL-S,PR,1,27,34,F,11501.47,User 1,9/5/2019
HIJ-27-34-J,18,LL-S,PR,1,27,34,J,11501.47,User 1,9/5/2019
HIJ-27-35-H,18,LL-S,PR,1,27,35,H,11501.47,User 1,9/5/2019
HIJ-27-35-I,18,LL-S,PR,1,27,35,I,11501.47,User 1,9/5/2019
HIJ-27-35-J,18,LL-S,PR,1,27,35,J,11501.47,User 1,9/5/2019
HIJ-27-36-H,18,LL-S,PR,1,27,36,H,11501.47,User 1,9/5/2019
HIJ-27-37-E,18,LL-S,SP,1,27,37,E,11501.47,User 1,9/5/2019
HIJ-27-37-F,18,LL-S,PR,1,27,37,F,11501.47,User 1,9/5/2019
HIJ-27-37-G,18,LL-S,PR,1,27,37,G,11501.47,User 1,9/5/2019
HIJ-27-37-H,18,LL-S,PR,1,27,37,H,11501.47,User 1,9/5/2019
HIJ-27-37-I,18,LL-S,PR,1,27,37,I,11501.47,User 1,9/5/2019
HIJ-27-37-J,18,LL-S,PR,1,27,37,J,11501.47,User 1,9/5/2019
HIJ-27-38-F,18,LL-S,PR,1,27,38,F,11501.47,User 1,9/5/2019
HIJ-27-38-G,18,LL-S,PR,1,27,38,G,11501.47,User 1,9/5/2019
HIJ-27-38-H,18,LL-S,PR,1,27,38,H,11501.47,User 1,9/5/2019
HIJ-27-38-I,18,LL-S,PR,1,27,38,I,11501.47,User 1,9/5/2019
HIJ-27-38-J,18,LL-S,PR,1,27,38,J,11501.47,User 1,9/5/2019
HIJ-27-39-F,18,LL-S,PR,1,27,39,F,11501.47,User 1,9/5/2019
HIJ-27-39-G,18,LL-S,PR,1,27,39,G,11501.47,User 1,9/5/2019
HIJ-27-39-H,18,LL-S,PR,1,27,39,H,11501.47,User 1,9/5/2019
HIJ-27-39-I,18,LL-S,PR,1,27,39,I,11501.47,User 1,9/5/2019
HIJ-27-39-J,18,LL-S,PR,1,27,39,J,11501.47,User 1,9/5/2019
HIJ-27-40-I,18,LL-S,PR,1,27,40,I,11501.47,User 1,9/5/2019
HIJ-27-40-J,18,LL-S,PR,1,27,40,J,11501.47,User 1,9/5/2019
HIJ-27-41-I,18,LL-S,PR,1,27,41,I,11501.47,User 1,9/5/2019
HIJ-27-41-J,18,LL-S,PR,1,27,41,J,11501.47,User 1,9/5/2019
HIJ-27-1-U,18,LL-S,SP,1,27,1,U,11501.47,User 1,9/5/2019
HIJ-27-1-V,18,LL-S,SP,1,27,1,V,11501.47,User 1,9/5/2019
HIJ-27-2-L,18,LL-S,PR,1,27,2,L,11501.47,User 1,9/5/2019
HIJ-27-2-Q,18,LL-S,PR,1,27,2,Q,11501.47,User 1,9/5/2019
HIJ-27-2-R,18,LL-S,SP,1,27,2,R,11501.47,User 1,9/5/2019
HIJ-27-2-S,18,LL-S,SP,1,27,2,S,11501.47,User 1,9/5/2019
HIJ-20-20-C,18,LL-S,PM,1,20,20,C,11501.47,User 1,9/7/2019
HIJ-20-23-C,18,LL-S,SP,1,20,23,C,11501.47,User 1,9/7/2019
HIJ-20-23-D,18,LL-S,SP,1,20,23,D,11501.47,User 1,9/7/2019
HIJ-20-23-I,18,LL-S,SP,1,20,23,I,11501.47,User 1,9/7/2019
HIJ-20-24-O,18,LL-S,SP,1,20,24,O,11501.47,User 1,9/7/2019
HIJ-20-25-I,18,LL-S,PM,1,20,25,I,11501.47,User 1,9/7/2019
HIJ-20-25-J,18,LL-S,PM,1,20,25,J,11501.47,User 1,9/7/2019
HIJ-20-25-K,18,LL-S,SP,1,20,25,K,11501.47,User 1,9/7/2019
HIJ-20-25-L,18,LL-S,SP,1,20,25,L,11501.47,User 1,9/7/2019
HIJ-20-25-M,18,LL-S,SP,1,20,25,M,11501.47,User 1,9/7/2019
HIJ-20-25-N,18,LL-S,SP,1,20,25,N,11501.47,User 1,9/7/2019
HIJ-20-25-O,18,LL-S,SP,1,20,25,O,11501.47,User 1,9/7/2019
HIJ-20-25-S,18,LL-S,PR,1,20,25,S,11501.47,User 1,9/7/2019
HIJ-20-25-T,18,LL-S,PR,1,20,25,T,11501.47,User 1,9/7/2019
HIJ-20-26-K,18,LL-S,SP,1,20,26,K,11501.47,User 1,9/7/2019
HIJ-20-26-M,18,LL-S,SP,1,20,26,M,11501.47,User 1,9/7/2019
HIJ-20-26-N,18,LL-S,SP,1,20,26,N,11501.47,User 1,9/7/2019
HIJ-20-28-F,18,LL-S,PM,1,20,28,F,11501.47,User 1,9/7/2019
HIJ-20-30-H,18,LL-S,PM,1,20,30,H,11501.47,User 1,9/7/2019
HIJ-20-30-I,18,LL-S,PM,1,20,30,I,11501.47,User 1,9/7/2019
HIJ-20-30-K,18,LL-S,SP,1,20,30,K,11501.47,User 1,9/7/2019
HIJ-20-30-L,18,LL-S,SP,1,20,30,L,11501.47,User 1,9/7/2019
HIJ-20-30-M,18,LL-S,SP,1,20,30,M,11501.47,User 1,9/7/2019
HIJ-20-30-N,18,LL-S,SP,1,20,30,N,11501.47,User 1,9/7/2019
HIJ-20-30-O,18,LL-S,SP,1,20,30,O,11501.47,User 1,9/7/2019
HIJ-20-31-A,18,LL-S,PM,1,20,31,A,11501.47,User 1,9/7/2019
HIJ-20-31-B,18,LL-S,PM,1,20,31,B,8378.5,User 1,9/7/2019
HIJ-20-31-C,18,LL-S,PM,1,20,31,C,11501.47,User 1,9/7/2019
HIJ-20-31-G,18,LL-S,PM,1,20,31,G,8378.5,User 1,9/7/2019
HIJ-20-31-H,18,LL-S,PM,1,20,31,H,11501.47,User 1,9/7/2019
HIJ-20-31-J,18,LL-S,PM,1,20,31,J,11501.47,User 1,9/7/2019
HIJ-20-31-K,18,LL-S,SP,1,20,31,K,11501.47,User 1,9/7/2019
HIJ-20-31-N,18,LL-S,SP,1,20,31,N,11501.47,User 1,9/7/2019
HIJ-20-31-O,18,LL-S,SP,1,20,31,O,11501.47,User 1,9/7/2019
HIJ-20-32-D,18,LL-S,PM,1,20,32,D,11501.47,User 1,9/7/2019
HIJ-20-32-F,18,LL-S,PM,1,20,32,F,11501.47,User 1,9/7/2019
HIJ-20-32-G,18,LL-S,PM,1,20,32,G,11501.47,User 1,9/7/2019
HIJ-20-32-H,18,LL-S,PM,1,20,32,H,8378.5,User 1,9/7/2019
HIJ-20-32-I,18,LL-S,PM,1,20,32,I,11501.47,User 1,9/7/2019
HIJ-20-32-M,18,LL-S,SP,1,20,32,M,11501.47,User 1,9/7/2019
HIJ-20-32-N,18,LL-S,SP,1,20,32,N,11501.47,User 1,9/7/2019
HIJ-20-33-E,18,LL-S,SP,1,20,33,E,11501.47,User 1,9/7/2019
HIJ-20-3-R,18,LL-S,PM,1,20,3,R,11501.47,User 1,9/7/2019
HIJ-20-3-S,18,LL-S,PM,1,20,3,S,11501.47,User 1,9/7/2019
HIJ-20-6-P,18,LL-S,PM,1,20,6,P,11501.47,User 1,9/7/2019
HIJ-20-8-L,18,LL-S,PM,1,20,8,L,11501.47,User 1,9/7/2019
HIJ-20-8-R,18,LL-S,PM,1,20,8,R,11501.47,User 1,9/7/2019
HIJ-20-9-C,18,LL-S,PR,1,20,9,C,11501.47,User 1,9/7/2019
HIJ-20-9-D,18,LL-S,PR,1,20,9,D,11501.47,User 1,9/7/2019
HIJ-20-12-D,18,LL-S,SP,1,20,12,D,11501.47,User 1,9/7/2019
HIJ-20-12-I,18,LL-S,SP,1,20,12,I,11501.47,User 1,9/7/2019
HIJ-20-12-M,18,LL-S,SP,1,20,12,M,11501.47,User 1,9/7/2019
HIJ-20-12-N,18,LL-S,SP,1,20,12,N,11501.47,User 1,9/7/2019
HIJ-20-12-T,18,LL-S,PM,1,20,12,T,11501.47,User 1,9/7/2019
HIJ-20-13-D,18,LL-S,PM,1,20,13,D,11501.47,User 1,9/7/2019
HIJ-20-13-I,18,LL-S,PM,1,20,13,I,11501.47,User 1,9/7/2019
HIJ-20-13-J,18,LL-S,PM,1,20,13,J,11501.47,User 1,9/7/2019
HIJ-20-14-E,18,LL-S,PM,1,20,14,E,11501.47,User 1,9/7/2019
HIJ-20-1-D,18,LL-S,PR,1,20,1,D,11501.47,User 1,9/7/2019
HIJ-20-1-E,18,LL-S,PR,1,20,1,E,11501.47,User 1,9/7/2019
HIJ-20-3-K,18,LL-S,PM,1,20,3,K,11501.47,User 1,9/7/2019
HIJ-20-17-M,18,LL-S,PM,1,20,17,M,11501.47,User 1,9/7/2019
HIJ-20-17-R,18,LL-S,PM,1,20,17,R,11501.47,User 1,9/7/2019
HIJ-11-1-M,18,LL-S,SP,1,11,1,M,11501.47,User 1,9/19/2020
HIJ-11-2-C,18,LL-S,PR,1,11,2,C,11501.47,User 1,9/19/2020
HIJ-11-2-M,18,LL-S,PM,1,11,2,M,11501.47,User 1,9/19/2020
HIJ-11-3-O,18,LL-S,PM,1,11,3,O,10817.39,User 1,9/19/2020
HIJ-11-3-T,18,LL-S,PM,1,11,3,T,11501.47,User 1,9/19/2020
HIJ-11-4-C,18,LL-S,PR,1,11,4,C,11501.47,User 1,9/19/2020
HIJ-11-8-P,18,LL-S,PM,1,11,8,P,11501.47,User 1,9/19/2020
HIJ-11-8-Q,18,LL-S,PM,1,11,8,Q,11501.47,User 1,9/19/2020
HIJ-11-8-T,18,LL-S,PM,1,11,8,T,11501.47,User 1,9/19/2020
HIJ-11-9-O,18,LL-S,PM,1,11,9,O,11501.47,User 1,9/19/2020
HIJ-11-10-R,18,LL-S,PM,1,11,10,R,11501.47,User 1,9/19/2020
HIJ-11-11-C,18,LL-S,PR,1,11,11,C,11501.47,User 1,9/19/2020
HIJ-11-11-L,18,LL-S,PR,1,11,11,L,10817.39,User 1,9/19/2020
HIJ-11-13-Q,18,LL-S,PM,1,11,13,Q,11501.47,User 1,9/19/2020
HIJ-11-14-F,18,LL-S,PM,1,11,14,F,8378.5,User 1,9/19/2020
HIJ-11-14-I,18,LL-S,PM,1,11,14,I,11501.47,User 1,9/19/2020
HIJ-11-14-K,18,LL-S,PM,1,11,14,K,11501.47,User 1,9/19/2020
HIJ-11-14-L,18,LL-S,PM,1,11,14,L,11501.47,User 1,9/19/2020
HIJ-11-14-M,18,LL-S,PM,1,11,14,M,11501.47,User 1,9/19/2020
HIJ-11-14-N,18,LL-S,PM,1,11,14,N,11501.47,User 1,9/19/2020
HIJ-11-14-O,18,LL-S,PM,1,11,14,O,11501.47,User 1,9/19/2020
HIJ-11-14-P,18,LL-S,PM,1,11,14,P,11501.47,User 1,9/19/2020
HIJ-11-14-Q,18,LL-S,PM,1,11,14,Q,11501.47,User 1,9/19/2020
HIJ-11-14-R,18,LL-S,PM,1,11,14,R,11501.47,User 1,9/19/2020
HIJ-11-14-T,18,LL-S,PM,1,11,14,T,11501.47,User 1,9/19/2020
HIJ-11-15-F,18,LL-S,PM,1,11,15,F,11501.47,User 1,9/19/2020
HIJ-11-15-G,18,LL-S,PM,1,11,15,G,11501.47,User 1,9/19/2020
HIJ-11-15-H,18,LL-S,PM,1,11,15,H,11501.47,User 1,9/19/2020
HIJ-11-15-K,18,LL-S,PM,1,11,15,K,11501.47,User 1,9/19/2020
HIJ-11-15-L,18,LL-S,PM,1,11,15,L,11501.47,User 1,9/19/2020
HIJ-11-15-M,18,LL-S,PM,1,11,15,M,11501.47,User 1,9/19/2020
HIJ-11-15-N,18,LL-S,PM,1,11,15,N,11501.47,User 1,9/19/2020
HIJ-11-15-O,18,LL-S,PM,1,11,15,O,11501.47,User 1,9/19/2020
HIJ-11-15-P,18,LL-S,PM,1,11,15,P,11501.47,User 1,9/19/2020
HIJ-11-15-Q,18,LL-S,PM,1,11,15,Q,11501.47,User 1,9/19/2020
HIJ-11-15-R,18,LL-S,PM,1,11,15,R,11501.47,User 1,9/19/2020
HIJ-11-15-S,18,LL-S,PM,1,11,15,S,11501.47,User 1,9/19/2020
HIJ-11-15-T,18,LL-S,PM,1,11,15,T,11501.47,User 1,9/19/2020
HIJ-11-16-G,18,LL-S,PM,1,11,16,G,11501.47,User 1,9/19/2020
HIJ-11-16-L,18,LL-S,PM,1,11,16,L,11501.47,User 1,9/19/2020
HIJ-11-16-M,18,LL-S,PM,1,11,16,M,11501.47,User 1,9/19/2020
HIJ-11-16-N,18,LL-S,PM,1,11,16,N,11501.47,User 1,9/19/2020
HIJ-11-16-O,18,LL-S,PM,1,11,16,O,11501.47,User 1,9/19/2020
HIJ-11-16-P,18,LL-S,PM,1,11,16,P,11501.47,User 1,9/19/2020
HIJ-11-16-Q,18,LL-S,PM,1,11,16,Q,11501.47,User 1,9/19/2020
HIJ-11-16-R,18,LL-S,PM,1,11,16,R,11501.47,User 1,9/19/2020
HIJ-11-16-S,18,LL-S,PM,1,11,16,S,11501.47,User 1,9/19/2020
HIJ-11-16-T,18,LL-S,PM,1,11,16,T,11501.47,User 1,9/19/2020
HIJ-11-17-F,18,LL-S,PM,1,11,17,F,11501.47,User 1,9/19/2020
HIJ-11-17-N,18,LL-S,PM,1,11,17,N,11501.47,User 1,9/19/2020
HIJ-11-17-O,18,LL-S,PM,1,11,17,O,11501.47,User 1,9/19/2020
HIJ-11-17-P,18,LL-S,PM,1,11,17,P,11501.47,User 1,9/19/2020
HIJ-11-17-Q,18,LL-S,PM,1,11,17,Q,11501.47,User 1,9/19/2020
HIJ-11-17-R,18,LL-S,PM,1,11,17,R,11501.47,User 1,9/19/2020
HIJ-11-18-B,18,LL-S,PM,1,11,18,B,11501.47,User 1,9/19/2020
HIJ-11-18-I,18,LL-S,PM,1,11,18,I,11501.47,User 1,9/19/2020
HIJ-11-18-K,18,LL-S,PM,1,11,18,K,11501.47,User 1,9/19/2020
HIJ-11-18-L,18,LL-S,PM,1,11,18,L,11501.47,User 1,9/19/2020
HIJ-11-18-M,18,LL-S,PM,1,11,18,M,11501.47,User 1,9/19/2020
HIJ-11-18-N,18,LL-S,PM,1,11,18,N,11501.47,User 1,9/19/2020
HIJ-11-18-O,18,LL-S,PM,1,11,18,O,11501.47,User 1,9/19/2020
HIJ-11-18-P,18,LL-S,PM,1,11,18,P,11501.47,User 1,9/19/2020
HIJ-11-18-Q,18,LL-S,PM,1,11,18,Q,11501.47,User 1,9/19/2020
HIJ-11-18-R,18,LL-S,PM,1,11,18,R,11501.47,User 1,9/19/2020
HIJ-11-18-S,18,LL-S,PM,1,11,18,S,8378.5,User 1,9/19/2020
HIJ-11-18-T,18,LL-S,PM,1,11,18,T,11501.47,User 1,9/19/2020
HIJ-11-19-K,18,LL-S,PM,1,11,19,K,11501.47,User 1,9/19/2020
HIJ-11-19-L,18,LL-S,PM,1,11,19,L,11501.47,User 1,9/19/2020
HIJ-11-19-M,18,LL-S,PM,1,11,19,M,11501.47,User 1,9/19/2020
HIJ-11-19-N,18,LL-S,PM,1,11,19,N,11501.47,User 1,9/19/2020
HIJ-11-19-O,18,LL-S,PM,1,11,19,O,11501.47,User 1,9/19/2020
HIJ-11-19-T,18,LL-S,PM,1,11,19,T,11501.47,User 1,9/19/2020
HIJ-11-20-C,18,LL-S,PM,1,11,20,C,11501.47,User 1,9/19/2020
HIJ-11-20-H,18,LL-S,PM,1,11,20,H,11501.47,User 1,9/19/2020
HIJ-11-20-I,18,LL-S,PM,1,11,20,I,11501.47,User 1,9/19/2020
HIJ-11-20-J,18,LL-S,PM,1,11,20,J,11501.47,User 1,9/19/2020
HIJ-11-20-K,18,LL-S,PM,1,11,20,K,11501.47,User 1,9/19/2020
HIJ-11-20-L,18,LL-S,PM,1,11,20,L,11501.47,User 1,9/19/2020
HIJ-11-20-M,18,LL-S,PM,1,11,20,M,11501.47,User 1,9/19/2020
HIJ-11-20-N,18,LL-S,PM,1,11,20,N,11501.47,User 1,9/19/2020
HIJ-11-20-O,18,LL-S,PM,1,11,20,O,11501.47,User 1,9/19/2020
HIJ-11-20-P,18,LL-S,PM,1,11,20,P,11501.47,User 1,9/19/2020
HIJ-11-20-Q,18,LL-S,PM,1,11,20,Q,11501.47,User 1,9/19/2020
HIJ-11-20-R,18,LL-S,PM,1,11,20,R,11501.47,User 1,9/19/2020
HIJ-11-20-S,18,LL-S,PM,1,11,20,S,11501.47,User 1,9/19/2020
HIJ-11-20-T,18,LL-S,PM,1,11,20,T,11501.47,User 1,9/19/2020
HIJ-11-23-N,18,LL-S,SP,1,11,23,N,11501.47,User 1,9/19/2020
HIJ-11-25-E,18,LL-S,PM,1,11,25,E,11501.47,User 1,9/19/2020
HIJ-11-25-G,18,LL-S,PM,1,11,25,G,11501.47,User 1,9/19/2020
HIJ-11-26-B,18,LL-S,PM,1,11,26,B,11501.47,User 1,9/19/2020
HIJ-11-26-C,18,LL-S,PM,1,11,26,C,11501.47,User 1,9/19/2020
HIJ-11-26-D,18,LL-S,PM,1,11,26,D,11501.47,User 1,9/19/2020
HIJ-11-26-H,18,LL-S,PM,1,11,26,H,11501.47,User 1,9/19/2020
HIJ-11-26-I,18,LL-S,PM,1,11,26,I,11501.47,User 1,9/19/2020
HIJ-11-26-J,18,LL-S,PM,1,11,26,J,11501.47,User 1,9/19/2020
HIJ-11-26-T,18,LL-S,PR,1,11,26,T,11501.47,User 1,9/19/2020
HIJ-11-27-E,18,LL-S,PM,1,11,27,E,11501.47,User 1,9/19/2020
HIJ-11-27-G,18,LL-S,PM,1,11,27,G,11501.47,User 1,9/19/2020
HIJ-11-27-H,18,LL-S,PM,1,11,27,H,11501.47,User 1,9/19/2020
HIJ-11-27-I,18,LL-S,PM,1,11,27,I,11501.47,User 1,9/19/2020
HIJ-11-27-J,18,LL-S,PM,1,11,27,J,11501.47,User 1,9/19/2020
HIJ-11-28-A,18,LL-S,PM,1,11,28,A,11501.47,User 1,9/19/2020
HIJ-11-28-D,18,LL-S,PM,1,11,28,D,11501.47,User 1,9/19/2020
HIJ-11-28-E,18,LL-S,PM,1,11,28,E,11501.47,User 1,9/19/2020
HIJ-11-28-F,18,LL-S,PM,1,11,28,F,11501.47,User 1,9/19/2020
HIJ-11-28-J,18,LL-S,PM,1,11,28,J,11501.47,User 1,9/19/2020
HIJ-11-29-I,18,LL-S,PM,1,11,29,I,11501.47,User 1,9/19/2020
HIJ-11-30-F,18,LL-S,PM,1,11,30,F,11501.47,User 1,9/19/2020
HIJ-11-30-G,18,LL-S,PM,1,11,30,G,11501.47,User 1,9/19/2020
HIJ-11-30-I,18,LL-S,PM,1,11,30,I,11501.47,User 1,9/19/2020
HIJ-11-32-B,18,LL-S,PM,1,11,32,B,11501.47,User 1,9/19/2020
HIJ-11-32-C,18,LL-S,PM,1,11,32,C,11501.47,User 1,9/19/2020
HIJ-11-32-D,18,LL-S,PM,1,11,32,D,11501.47,User 1,9/19/2020
HIJ-11-32-E,18,LL-S,PM,1,11,32,E,11501.47,User 1,9/19/2020
HIJ-11-32-H,18,LL-S,PM,1,11,32,H,11501.47,User 1,9/19/2020
HIJ-11-32-I,18,LL-S,PM,1,11,32,I,11501.47,User 1,9/19/2020
HIJ-12-22-N,18,LL,PR,1,12,22,N,11501.47,User 1,12/29/2020
HIJ-12-6-T,18,LL,PM,1,12,6,T,11501.47,User 1,2/3/2021
HIJ-12-7-P,18,LL,PM,1,12,7,P,11501.47,User 1,2/3/2021
HIJ-18-6-B,18,LL,PR,1,18,6,B,11501.47,User 1,3/31/2021
HIJ-18-6-D,18,LL,PR,1,18,6,D,11501.47,User 1,3/31/2021
HIJ-18-6-E,18,LL,PR,1,18,6,E,11501.47,User 1,3/31/2021
HIJ-18-13-S,18,LL,SP,1,18,13,S,11501.47,User 1,3/31/2021
HIJ-18-14-I,18,LL,PM,1,18,14,I,11501.47,User 1,3/31/2021
HIJ-18-14-J,18,LL,PM,1,18,14,J,11501.47,User 1,3/31/2021
HIJ-18-14-P,18,LL,PM,1,18,14,P,11501.47,User 1,3/31/2021
HIJ-18-1-F,18,LL,PR,1,18,1,F,11501.47,User 1,3/31/2021
HIJ-18-1-N,18,LL,SP,1,18,1,N,11501.47,User 1,3/31/2021
HIJ-18-16-A,18,LL,PM,1,18,16,A,11501.47,User 1,3/31/2021
HIJ-18-16-D,18,LL,PM,1,18,16,D,11501.47,User 1,3/31/2021
HIJ-18-16-E,18,LL,PM,1,18,16,E,11501.47,User 1,3/31/2021
HIJ-18-18-C,18,LL,PM,1,18,18,C,11501.47,User 1,3/31/2021
HIJ-18-18-D,18,LL,PM,1,18,18,D,11501.47,User 1,3/31/2021
HIJ-18-18-E,18,LL,PM,1,18,18,E,11501.47,User 1,3/31/2021
HIJ-18-18-H,18,LL,PM,1,18,18,H,10817.39,User 1,3/31/2021
HIJ-18-18-I,18,LL,PM,1,18,18,I,11501.47,User 1,3/31/2021
HIJ-18-19-C,18,LL,PM,1,18,19,C,11501.47,User 1,3/31/2021
HIJ-18-19-G,18,LL,PM,1,18,19,G,11501.47,User 1,3/31/2021
HIJ-18-19-H,18,LL,PM,1,18,19,H,11501.47,User 1,3/31/2021
HIJ-18-19-I,18,LL,PM,1,18,19,I,11501.47,User 1,3/31/2021
HIJ-18-19-J,18,LL,PM,1,18,19,J,11501.47,User 1,3/31/2021
HIJ-18-19-K,18,LL,PM,1,18,19,K,11501.47,User 1,3/31/2021
HIJ-18-19-L,18,LL,PM,1,18,19,L,11501.47,User 1,3/31/2021
HIJ-18-20-F,18,LL,PM,1,18,20,F,11501.47,User 1,3/31/2021
HIJ-18-20-K,18,LL,PM,1,18,20,K,11501.47,User 1,3/31/2021
HIJ-18-20-L,18,LL,PM,1,18,20,L,11501.47,User 1,3/31/2021
HIJ-18-20-M,18,LL,PM,1,18,20,M,11501.47,User 1,3/31/2021
HIJ-18-20-N,18,LL,PM,1,18,20,N,11501.47,User 1,3/31/2021
HIJ-18-20-O,18,LL,PM,1,18,20,O,11501.47,User 1,3/31/2021
HIJ-18-21-D,18,LL,PM,1,18,21,D,11501.47,User 1,3/31/2021
HIJ-18-21-E,18,LL,PM,1,18,21,E,11501.47,User 1,3/31/2021
HIJ-18-21-H,18,LL,PM,1,18,21,H,11501.47,User 1,3/31/2021
HIJ-18-21-I,18,LL,PM,1,18,21,I,11501.47,User 1,3/31/2021
HIJ-18-21-J,18,LL,PM,1,18,21,J,11501.47,User 1,3/31/2021
HIJ-18-21-K,18,LL,PM,1,18,21,K,11501.47,User 1,3/31/2021
HIJ-18-21-L,18,LL,PM,1,18,21,L,11501.47,User 1,3/31/2021
HIJ-18-21-M,18,LL,PM,1,18,21,M,11501.47,User 1,3/31/2021
HIJ-18-21-N,18,LL,PM,1,18,21,N,11501.47,User 1,3/31/2021
HIJ-18-21-O,18,LL,PM,1,18,21,O,11501.47,User 1,3/31/2021
HIJ-18-21-S,18,LL,PM,1,18,21,S,11501.47,User 1,3/31/2021
HIJ-18-21-T,18,LL,PM,1,18,21,T,11501.47,User 1,3/31/2021
HIJ-18-22-J,18,LL,PM,1,18,22,J,11501.47,User 1,3/31/2021
HIJ-18-22-K,18,LL,PM,1,18,22,K,11501.47,User 1,3/31/2021
HIJ-18-23-B,18,LL,PM,1,18,23,B,11501.47,User 1,3/31/2021
HIJ-18-23-M,18,LL,PM,1,18,23,M,11501.47,User 1,3/31/2021
HIJ-18-23-Q,18,LL,PM,1,18,23,Q,11501.47,User 1,3/31/2021
HIJ-18-23-R,18,LL,PM,1,18,23,R,11501.47,User 1,3/31/2021
HIJ-18-25-D,18,LL,SP,1,18,25,D,11501.47,User 1,3/31/2021
HIJ-18-25-H,18,LL,SP,1,18,25,H,11501.47,User 1,3/31/2021
HIJ-18-25-J,18,LL,PM,1,18,25,J,11501.47,User 1,3/31/2021
HIJ-18-26-A,18,LL,PM,1,18,26,A,11501.47,User 1,3/31/2021
HIJ-18-26-B,18,LL,PM,1,18,26,B,11501.47,User 1,3/31/2021
HIJ-18-28-G,18,LL,PM,1,18,28,G,11501.47,User 1,3/31/2021
HIJ-18-31-L,18,LL,SP,1,18,31,L,11501.47,User 1,3/31/2021
HIJ-18-31-M,18,LL,SP,1,18,31,M,11501.47,User 1,3/31/2021
HIJ-18-31-N,18,LL,SP,1,18,31,N,11501.47,User 1,3/31/2021
HIJ-18-31-O,18,LL,SP,1,18,31,O,11501.47,User 1,3/31/2021
HIJ-18-32-K,18,LL,SP,1,18,32,K,11501.47,User 1,3/31/2021
HIJ-18-32-L,18,LL,SP,1,18,32,L,11501.47,User 1,3/31/2021
HIJ-18-32-M,18,LL,SP,1,18,32,M,11501.47,User 1,3/31/2021
HIJ-18-32-N,18,LL,SP,1,18,32,N,11501.47,User 1,3/31/2021
HIJ-18-32-O,18,LL,SP,1,18,32,O,11501.47,User 1,3/31/2021
HIJ-18-33-K,18,LL,SP,1,18,33,K,11501.47,User 1,3/31/2021
HIJ-18-33-L,18,LL,SP,1,18,33,L,11501.47,User 1,3/31/2021
HIJ-18-33-M,18,LL,SP,1,18,33,M,11501.47,User 1,3/31/2021
HIJ-18-33-N,18,LL,SP,1,18,33,N,11501.47,User 1,3/31/2021
HIJ-18-33-O,18,LL,SP,1,18,33,O,11501.47,User 1,3/31/2021
HIJ-18-34-E,18,LL,PM,1,18,34,E,11501.47,User 1,3/31/2021
HIJ-18-34-K,18,LL,SP,1,18,34,K,11501.47,User 1,3/31/2021
HIJ-18-35-M,18,LL,SP,1,18,35,M,11501.47,User 1,3/31/2021
HIJ-13-1-C,18,LL,PR,1,13,1,C,11501.47,User 1,2/28/2022
HIJ-13-1-I,18,LL,SP,1,13,1,I,11501.47,User 1,2/28/2022
HIJ-13-4-D,18,LL,PM,1,13,4,D,11501.47,User 1,2/28/2022
HIJ-13-4-E,18,LL,PM,1,13,4,E,11501.47,User 1,2/28/2022
HIJ-13-4-G,18,LL,PM,1,13,4,G,11501.47,User 1,2/28/2022
HIJ-13-4-I,18,LL,PM,1,13,4,I,11501.47,User 1,2/28/2022
HIJ-26A-1-L,18,FE,FE12-PM,1,26A,1,L,138017.6,User 1,9/3/2022
HIJ-26A-1-N,18,FE,FE12-PM,1,26A,1,N,138017.6,User 1,9/3/2022
HIJ-26A-1-O,18,FE,FE12-PM,1,26A,1,O,138017.6,User 1,9/3/2022
HIJ-26A-1-P,18,FE,FE12-PM,1,26A,1,P,138017.6,User 1,9/3/2022
HIJ-26A-1-S,18,FE,FE12-PM,1,26A,1,S,138017.6,User 1,9/3/2022
HIJ-16B-1-T,18,LLO,PR,1,16B,1,T,4600.59,User 1,4/8/2024
HIJ-16B-1-U,18,LLO,PR,1,16B,1,U,4600.59,User 1,4/8/2024
HIJ-16B-1-V,18,LLO,PR,1,16B,1,V,4600.59,User 1,4/8/2024
HIJ-16B-1-W,18,LLO,PR,1,16B,1,W,4600.59,User 1,4/8/2024
HIJ-16B-2-J,18,LLO,PR,1,16B,2,J,4600.59,User 1,4/8/2024
HIJ-16B-5-A,18,LLO,PR,1,16B,5,A,4600.59,User 1,4/8/2024
HIJ-16B-5-E,18,LLO,PR,1,16B,5,E,4600.59,User 1,4/8/2024
HIJ-16B-5-K,18,LLO,PR,1,16B,5,K,4600.59,User 1,4/8/2024
HIJ-16B-5-T,18,LLO,PR,1,16B,5,T,4600.59,User 1,4/8/2024
HIJ-17B-2-A,18,LLO,PR,1,17B,2,A,4600.59,User 1,4/8/2024
HIJ-17B-3-B,18,LLO,PR,1,17B,3,B,4600.59,User 1,4/8/2024
HIJ-17B-4-I,18,LLO,PR,1,17B,4,I,4600.59,User 1,4/8/2024
HIJ-26A-1-A,18,FE,FE12-PR,1,26A,1,A,138017.64,User 1,7/18/2024
HIJ-26A-1-B,18,FE,FE12-PM,1,26A,1,B,138017.64,User 1,7/18/2024
HIJ-26A-1-C,18,FE,FE12-PM,1,26A,1,C,138017.64,User 1,7/18/2024
HIJ-26A-1-D,18,FE,FE12-PM,1,26A,1,D,138017.64,User 1,7/18/2024
HIJ-26A-1-H,18,FE,FE12-PM,1,26A,1,H,138017.64,User 1,7/18/2024
HIJ-26A-1-I,18,FE,FE12-PM,1,26A,1,I,138017.64,User 1,7/18/2024
KLM-9-19-H,21,LL,SP,1,9,19,H,10077.87,User 1,6/4/2019
KLM-9-19-I,21,LL,SP,1,9,19,I,10077.87,User 1,6/4/2019
KLM-9-19-J,21,LL,SP,1,9,19,J,10077.87,User 1,6/4/2019
KLM-9-19-M,21,LL,SP,1,9,19,M,10077.87,User 1,6/4/2019
KLM-9-19-N,21,LL,SP,1,9,19,N,10077.87,User 1,6/4/2019
KLM-9-20-C,21,LL,SP,1,9,20,C,10077.87,User 1,6/4/2019
KLM-9-20-D,21,LL,SP,1,9,20,D,10077.87,User 1,6/4/2019
KLM-9-20-F,21,LL,SP,1,9,20,F,10077.87,User 1,6/4/2019
KLM-9-20-G,21,LL,SP,1,9,20,G,10077.87,User 1,6/4/2019
KLM-9-20-P,21,LL,PM,1,9,20,P,10077.87,User 1,6/4/2019
KLM-9-21-D,21,LL,PM,1,9,21,D,10077.87,User 1,6/4/2019
KLM-9-21-E,21,LL,PM,1,9,21,E,10077.87,User 1,6/4/2019
KLM-9-21-H,21,LL,PM,1,9,21,H,10077.87,User 1,6/4/2019
KLM-9-21-I,21,LL,PM,1,9,21,I,10077.87,User 1,6/4/2019
KLM-9-22-A,21,LL,PM,1,9,22,A,10077.87,User 1,6/4/2019
KLM-9-22-H,21,LL,PM,1,9,22,H,10077.87,User 1,6/4/2019
KLM-8-2-F,21,LL,SP,1,8,2,F,10077.87,User 1,6/4/2019
KLM-8-2-G,21,LL,SP,1,8,2,G,10077.87,User 1,6/4/2019
KLM-8-2-H,21,LL,SP,1,8,2,H,10077.87,User 1,6/4/2019
KLM-8-2-Q,21,LL,PM,1,8,2,Q,10077.87,User 1,6/4/2019
KLM-8-2-S,21,LL,PM,1,8,2,S,10077.87,User 1,6/4/2019
KLM-8-2-T,21,LL,PM,1,8,2,T,10077.87,User 1,6/4/2019
KLM-9-22-I,21,LL,PM,1,9,22,I,10077.87,User 1,6/4/2019
KLM-9-22-J,21,LL,PM,1,9,22,J,10077.87,User 1,6/4/2019
KLM-9-23-F,21,LL,PM,1,9,23,F,10077.87,User 1,6/4/2019
KLM-9-23-M,21,LL,PM,1,9,23,M,10077.87,User 1,6/4/2019
KLM-9-23-N,21,LL,PM,1,9,23,N,10077.87,User 1,6/4/2019
KLM-9-23-O,21,LL,PM,1,9,23,O,10077.87,User 1,6/4/2019
KLM-9-24-F,21,LL,PM,1,9,24,F,10077.87,User 1,6/4/2019
KLM-9-24-G,21,LL,PM,1,9,24,G,10077.87,User 1,6/4/2019
KLM-9-24-H,21,LL,PM,1,9,24,H,10077.87,User 1,6/4/2019
KLM-9-24-I,21,LL,PM,1,9,24,I,10077.87,User 1,6/4/2019
KLM-9-24-J,21,LL,PM,1,9,24,J,10077.87,User 1,6/4/2019
KLM-9-24-K,21,LL,PM,1,9,24,K,10077.87,User 1,6/4/2019
KLM-9-24-L,21,LL,PM,1,9,24,L,10077.87,User 1,6/4/2019
KLM-9-24-M,21,LL,PM,1,9,24,M,10077.87,User 1,6/4/2019
KLM-9-24-N,21,LL,PM,1,9,24,N,10077.87,User 1,6/4/2019
KLM-9-24-O,21,LL,PM,1,9,24,O,10077.87,User 1,6/4/2019
KLM-8-4-S,21,LL,PM,1,8,4,S,10077.87,User 1,6/4/2019
KLM-8-4-T,21,LL,PM,1,8,4,T,10077.87,User 1,6/4/2019
KLM-8-5-K,21,LL,PM,1,8,5,K,10077.87,User 1,6/4/2019
KLM-9-24-R,21,LL,PM,1,9,24,R,10042.1,User 1,6/4/2019
KLM-9-25-D,21,LL,PM,1,9,25,D,10077.87,User 1,6/4/2019
KLM-9-25-E,21,LL,PM,1,9,25,E,10077.87,User 1,6/4/2019
KLM-9-25-F,21,LL,PM,1,9,25,F,10077.87,User 1,6/4/2019
KLM-9-25-G,21,LL,PM,1,9,25,G,10077.87,User 1,6/4/2019
KLM-9-25-H,21,LL,PM,1,9,25,H,10077.87,User 1,6/4/2019
KLM-9-25-K,21,LL,PM,1,9,25,K,10077.87,User 1,6/4/2019
KLM-9-25-L,21,LL,PM,1,9,25,L,10077.87,User 1,6/4/2019
KLM-9-25-M,21,LL,PM,1,9,25,M,10077.87,User 1,6/4/2019
KLM-9-25-N,21,LL,PM,1,9,25,N,10077.87,User 1,6/4/2019
KLM-9-25-O,21,LL,PM,1,9,25,O,10077.87,User 1,6/4/2019
KLM-9-26-D,21,LL,PM,1,9,26,D,10077.87,User 1,6/4/2019
KLM-9-26-E,21,LL,PM,1,9,26,E,10077.87,User 1,6/4/2019
KLM-9-26-F,21,LL,PM,1,9,26,F,10077.87,User 1,6/4/2019
KLM-9-26-G,21,LL,PM,1,9,26,G,10077.87,User 1,6/4/2019
KLM-9-26-H,21,LL,PM,1,9,26,H,10077.87,User 1,6/4/2019
KLM-9-26-I,21,LL,PM,1,9,26,I,10077.87,User 1,6/4/2019
KLM-9-26-J,21,LL,PM,1,9,26,J,10077.87,User 1,6/4/2019
KLM-9-26-K,21,LL,PM,1,9,26,K,10077.87,User 1,6/4/2019
KLM-9-27-A,21,LL,PM,1,9,27,A,10077.87,User 1,6/4/2019
KLM-9-27-B,21,LL,PM,1,9,27,B,10077.87,User 1,6/4/2019
KLM-9-27-C,21,LL,PM,1,9,27,C,10077.87,User 1,6/4/2019
KLM-9-27-D,21,LL,PM,1,9,27,D,10077.87,User 1,6/4/2019
KLM-9-27-E,21,LL,PM,1,9,27,E,10077.87,User 1,6/4/2019
KLM-9-27-F,21,LL,PM,1,9,27,F,10077.87,User 1,6/4/2019
KLM-9-27-G,21,LL,PM,1,9,27,G,10077.87,User 1,6/4/2019
KLM-9-27-H,21,LL,PM,1,9,27,H,10077.87,User 1,6/4/2019
KLM-9-27-I,21,LL,PM,1,9,27,I,10077.87,User 1,6/4/2019
KLM-9-27-J,21,LL,PM,1,9,27,J,10077.87,User 1,6/4/2019
KLM-8-7-T,21,LL,PM,1,8,7,T,10077.87,User 1,6/4/2019
KLM-8-8-K,21,LL,PM,1,8,8,K,10077.87,User 1,6/4/2019
KLM-8-8-M,21,LL,PM,1,8,8,M,10077.87,User 1,6/4/2019
KLM-8-10-J,21,LL,SP,1,8,10,J,10077.87,User 1,6/4/2019
KLM-8-11-E,21,LL,SP,1,8,11,E,10077.87,User 1,6/4/2019
KLM-8-11-F,21,LL,SP,1,8,11,F,10077.87,User 1,6/4/2019
KLM-8-13-D,21,LL,PM,1,8,13,D,10077.87,User 1,6/4/2019
KLM-8-13-E,21,LL,PM,1,8,13,E,10077.87,User 1,6/4/2019
KLM-8-13-Q,21,LL,PM,1,8,13,Q,10077.87,User 1,6/4/2019
KLM-9-27-T,21,LL,SP,1,9,27,T,10077.87,User 1,6/4/2019
KLM-9-28-A,21,LL,PM,1,9,28,A,10077.87,User 1,6/4/2019
KLM-9-28-C,21,LL,PM,1,9,28,C,10077.87,User 1,6/4/2019
KLM-9-28-F,21,LL,PM,1,9,28,F,10077.87,User 1,6/4/2019
KLM-9-28-K,21,LL,PM,1,9,28,K,10042.1,User 1,6/4/2019
KLM-9-28-L,21,LL,PM,1,9,28,L,10042.1,User 1,6/4/2019
KLM-9-28-M,21,LL,PM,1,9,28,M,10042.1,User 1,6/4/2019
KLM-9-28-P,21,LL,SP,1,9,28,P,10077.87,User 1,6/4/2019
KLM-9-28-Q,21,LL,SP,1,9,28,Q,10077.87,User 1,6/4/2019
KLM-9-28-S,21,LL,SP,1,9,28,S,10077.87,User 1,6/4/2019
KLM-9-28-T,21,LL,SP,1,9,28,T,10077.87,User 1,6/4/2019
KLM-8-14-M,21,LL,PM,1,8,14,M,10077.87,User 1,6/4/2019
KLM-8-14-O,21,LL,PM,1,8,14,O,10077.87,User 1,6/4/2019
KLM-8-15-A,21,LL,PM,1,8,15,A,10077.87,User 1,6/4/2019
KLM-8-15-B,21,LL,PM,1,8,15,B,10077.87,User 1,6/4/2019
KLM-8-15-C,21,LL,PM,1,8,15,C,10077.87,User 1,6/4/2019
KLM-8-15-D,21,LL,PM,1,8,15,D,10077.87,User 1,6/4/2019
KLM-8-15-E,21,LL,PM,1,8,15,E,10077.87,User 1,6/4/2019
KLM-8-15-T,21,LL,PM,1,8,15,T,10077.87,User 1,6/4/2019
KLM-8-16-K,21,LL,PM,1,8,16,K,10077.87,User 1,6/4/2019
KLM-8-16-O,21,LL,PM,1,8,16,O,10077.87,User 1,6/4/2019
KLM-8-16-P,21,LL,PM,1,8,16,P,10077.87,User 1,6/4/2019
KLM-8-16-Q,21,LL,PM,1,8,16,Q,10077.87,User 1,6/4/2019
KLM-8-16-R,21,LL,PM,1,8,16,R,10077.87,User 1,6/4/2019
KLM-8-16-T,21,LL,PM,1,8,16,T,10077.87,User 1,6/4/2019
KLM-9-31-B,21,LL,PM,1,9,31,B,10077.87,User 1,6/4/2019
KLM-8-17-P,21,LL,PM,1,8,17,P,10077.87,User 1,6/4/2019
KLM-8-17-Q,21,LL,PM,1,8,17,Q,10077.87,User 1,6/4/2019
KLM-8-17-R,21,LL,PM,1,8,17,R,10077.87,User 1,6/4/2019
KLM-8-17-S,21,LL,PM,1,8,17,S,10077.87,User 1,6/4/2019
KLM-8-18-H,21,LL,PM,1,8,18,H,10077.87,User 1,6/4/2019
KLM-8-18-I,21,LL,PM,1,8,18,I,10077.87,User 1,6/4/2019
KLM-8-18-J,21,LL,PM,1,8,18,J,10077.87,User 1,6/4/2019
KLM-9-32-L,21,LL,SP,1,9,32,L,10077.87,User 1,6/4/2019
KLM-9-32-M,21,LL,SP,1,9,32,M,10077.87,User 1,6/4/2019
KLM-9-32-N,21,LL,SP,1,9,32,N,10077.87,User 1,6/4/2019
KLM-9-33-M,21,LL,SP,1,9,33,M,10077.87,User 1,6/4/2019
KLM-8-18-M,21,LL,PM,1,8,18,M,10077.87,User 1,6/4/2019
KLM-8-19-K,21,LL,PM,1,8,19,K,10077.87,User 1,6/4/2019
KLM-8-19-P,21,LL,PM,1,8,19,P,10077.87,User 1,6/4/2019
KLM-8-19-Q,21,LL,PM,1,8,19,Q,10077.87,User 1,6/4/2019
KLM-8-19-S,21,LL,PM,1,8,19,S,10077.87,User 1,6/4/2019
KLM-8-20-F,21,LL,PM,1,8,20,F,10077.87,User 1,6/4/2019
KLM-8-20-L,21,LL,PM,1,8,20,L,10077.87,User 1,6/4/2019
KLM-8-20-N,21,LL,PM,1,8,20,N,10077.87,User 1,6/4/2019
KLM-8-20-S,21,LL,SP,1,8,20,S,10077.87,User 1,6/4/2019
KLM-8-20-T,21,LL,SP,1,8,20,T,10077.87,User 1,6/4/2019
KLM-8-21-A,21,LL,PM,1,8,21,A,10077.87,User 1,6/4/2019
KLM-8-21-B,21,LL,PM,1,8,21,B,10077.87,User 1,6/4/2019
KLM-9-35-A,21,LL,PM,1,9,35,A,10077.87,User 1,6/4/2019
KLM-9-35-J,21,LL,SP,1,9,35,J,10077.87,User 1,6/4/2019
KLM-9-36-D,21,LL,PM,1,9,36,D,10042.1,User 1,6/4/2019
KLM-9-36-E,21,LL,PM,1,9,36,E,10042.1,User 1,6/4/2019
KLM-9-36-F,21,LL,SP,1,9,36,F,10077.87,User 1,6/4/2019
KLM-9-36-G,21,LL,SP,1,9,36,G,10077.87,User 1,6/4/2019
KLM-9-37-C,21,LL,SP,1,9,37,C,10077.87,User 1,6/4/2019
KLM-9-37-D,21,LL,SP,1,9,37,D,10077.87,User 1,6/4/2019
KLM-9-37-E,21,LL,SP,1,9,37,E,10077.87,User 1,6/4/2019
KLM-9-38-A,21,LL,SP,1,9,38,A,10077.87,User 1,6/4/2019
KLM-9-38-B,21,LL,SP,1,9,38,B,10077.87,User 1,6/4/2019
KLM-9-38-C,21,LL,SP,1,9,38,C,10077.87,User 1,6/4/2019
KLM-8-21-G,21,LL,PM,1,8,21,G,10077.87,User 1,6/4/2019
KLM-9-38-D,21,LL,SP,1,9,38,D,10077.87,User 1,6/4/2019
KLM-10-1-H,21,FE,FE12,1,10,1,H,120505.2,User 1,6/4/2019
KLM-8-23-C,21,LL,SP,1,8,23,C,10077.87,User 1,6/4/2019
KLM-8-23-R,21,LL,SP,1,8,23,R,10077.87,User 1,6/4/2019
KLM-8-24-E,21,LL,PM,1,8,24,E,10042.1,User 1,6/4/2019
KLM-8-24-J,21,LL,PM,1,8,24,J,10077.87,User 1,6/4/2019
KLM-8-25-D,21,LL,PM,1,8,25,D,10042.1,User 1,6/4/2019
KLM-8-25-E,21,LL,PM,1,8,25,E,10077.87,User 1,6/4/2019
KLM-8-25-G,21,LL,PM,1,8,25,G,10077.87,User 1,6/4/2019
KLM-8-25-H,21,LL,PM,1,8,25,H,10077.87,User 1,6/4/2019
KLM-8-25-I,21,LL,SP,1,8,25,I,10077.87,User 1,6/4/2019
KLM-8-25-J,21,LL,SP,1,8,25,J,10077.87,User 1,6/4/2019
KLM-8-26-E,21,LL,PM,1,8,26,E,10077.87,User 1,6/4/2019
KLM-8-26-I,21,LL,SP,1,8,26,I,10077.87,User 1,6/4/2019
KLM-8-26-J,21,LL,SP,1,8,26,J,10077.87,User 1,6/4/2019
KLM-8-27-C,21,LL,PM,1,8,27,C,10077.87,User 1,6/4/2019
KLM-8-27-F,21,LL,SP,1,8,27,F,10077.87,User 1,6/4/2019
KLM-8-29-E,21,LL,SP,1,8,29,E,10077.87,User 1,6/4/2019
KLM-8-31-C,21,LL,SP,1,8,31,C,10077.87,User 1,6/4/2019
KLM-9-4-D,21,LL,PR,1,9,4,D,10077.87,User 1,6/4/2019
KLM-9-5-D,21,LL,PR,1,9,5,D,10077.87,User 1,6/4/2019
KLM-9-6-E,21,LL,PR,1,9,6,E,10077.87,User 1,6/4/2019
KLM-9-6-K,21,LL,PM,1,9,6,K,10077.87,User 1,6/4/2019
KLM-9-6-L,21,LL,PM,1,9,6,L,10077.87,User 1,6/4/2019
KLM-9-6-M,21,LL,PM,1,9,6,M,10077.87,User 1,6/4/2019
KLM-9-6-N,21,LL,PM,1,9,6,N,10077.87,User 1,6/4/2019
KLM-9-7-B,21,LL,PR,1,9,7,B,10077.87,User 1,6/4/2019
KLM-9-8-K,21,LL,PM,1,9,8,K,10077.87,User 1,6/4/2019
KLM-9-8-P,21,LL,PM,1,9,8,P,10077.87,User 1,6/4/2019
KLM-9-10-B,21,LL,PR,1,9,10,B,10077.87,User 1,6/4/2019
KLM-9-10-P,21,LL,SP,1,9,10,P,10077.87,User 1,6/4/2019
KLM-9-15-T,21,LL,PM,1,9,15,T,10077.87,User 1,6/4/2019
KLM-9-16-K,21,LL,PM,1,9,16,K,10077.87,User 1,6/4/2019
KLM-9-16-L,21,LL,PM,1,9,16,L,10077.87,User 1,6/4/2019
KLM-9-16-M,21,LL,PM,1,9,16,M,10077.87,User 1,6/4/2019
KLM-9-16-N,21,LL,PM,1,9,16,N,10077.87,User 1,6/4/2019
KLM-9-16-O,21,LL,PM,1,9,16,O,10077.87,User 1,6/4/2019
KLM-9-16-P,21,LL,PM,1,9,16,P,10077.87,User 1,6/4/2019
KLM-9-16-Q,21,LL,PM,1,9,16,Q,10077.87,User 1,6/4/2019
KLM-9-16-R,21,LL,PM,1,9,16,R,10077.87,User 1,6/4/2019
KLM-9-16-S,21,LL,PM,1,9,16,S,10077.87,User 1,6/4/2019
KLM-9-16-T,21,LL,PM,1,9,16,T,10077.87,User 1,6/4/2019
KLM-9-17-M,21,LL,PM,1,9,17,M,10077.87,User 1,6/4/2019
KLM-13-15-F,21,LL,SP,1,13,15,F,10077.87,User 1,7/24/2019
KLM-13-15-G,21,LL,SP,1,13,15,G,10077.87,User 1,7/24/2019
KLM-13-18-A,21,LL,PM,1,13,18,A,10077.87,User 1,7/24/2019
KLM-13-18-B,21,LL,PM,1,13,18,B,10077.87,User 1,7/24/2019
KLM-13-29-H,21,LL,PM,1,13,29,H,10077.87,User 1,7/24/2019
KLM-13-29-I,21,LL,PM,1,13,29,I,10077.87,User 1,7/24/2019
KLM-13-29-J,21,LL,PM,1,13,29,J,10077.87,User 1,7/24/2019
KLM-13-2-A,21,LL,PR,1,13,2,A,10077.87,User 1,7/24/2019
KLM-13-2-B,21,LL,PR,1,13,2,B,10077.87,User 1,7/24/2019
KLM-13-2-F,21,LL,SP,1,13,2,F,10077.87,User 1,7/24/2019
KLM-13-2-G,21,LL,SP,1,13,2,G,10077.87,User 1,7/24/2019
KLM-13-3-M,21,LL,PM,1,13,3,M,10077.87,User 1,7/24/2019
KLM-13-5-G,21,LL,SP,1,13,5,G,10077.87,User 1,7/24/2019
KLM-13-5-H,21,LL,SP,1,13,5,H,10077.87,User 1,7/24/2019
KLM-13-5-J,21,LL,SP,1,13,5,J,10077.87,User 1,7/24/2019
KLM-13-8-F,21,LL,PR,1,13,8,F,10077.87,User 1,7/24/2019
KLM-13-8-K,21,LL,PR,1,13,8,K,10077.87,User 1,7/24/2019
KLM-11-3-C,21,FE,FE12,1,11,3,C,120934.44,User 1,7/25/2019
KLM-11-3-D,21,FE,FE12,1,11,3,D,120934.44,User 1,7/25/2019
KLM-5-3-F,21,LL,SP,1,5,3,F,10077.87,User 1,7/27/2019
KLM-5-3-G,21,LL,SP,1,5,3,G,10077.87,User 1,7/27/2019
KLM-5-3-H,21,LL,SP,1,5,3,H,10077.87,User 1,7/27/2019
KLM-5-3-I,21,LL,SP,1,5,3,I,10077.87,User 1,7/27/2019
KLM-5-3-J,21,LL,SP,1,5,3,J,10077.87,User 1,7/27/2019
KLM-5-3-T,21,LL,PM,1,5,3,T,10077.87,User 1,7/27/2019
KLM-5-4-F,21,LL,SP,1,5,4,F,10077.87,User 1,7/27/2019
KLM-5-4-G,21,LL,SP,1,5,4,G,10077.87,User 1,7/27/2019
KLM-5-4-H,21,LL,SP,1,5,4,H,10077.87,User 1,7/27/2019
KLM-5-4-I,21,LL,SP,1,5,4,I,10077.87,User 1,7/27/2019
KLM-5-4-J,21,LL,SP,1,5,4,J,10077.87,User 1,7/27/2019
KLM-5-4-O,21,LL,PM,1,5,4,O,10077.87,User 1,7/27/2019
KLM-5-5-F,21,LL,SP,1,5,5,F,10077.87,User 1,7/27/2019
KLM-5-5-G,21,LL,SP,1,5,5,G,10077.87,User 1,7/27/2019
KLM-5-5-H,21,LL,SP,1,5,5,H,10077.87,User 1,7/27/2019
KLM-5-5-I,21,LL,SP,1,5,5,I,10077.87,User 1,7/27/2019
KLM-5-5-J,21,LL,SP,1,5,5,J,10077.87,User 1,7/27/2019
KLM-5-5-K,21,LL,PM,1,5,5,K,10077.87,User 1,7/27/2019
KLM-5-5-N,21,LL,PM,1,5,5,N,10077.87,User 1,7/27/2019
KLM-5-5-P,21,LL,PM,1,5,5,P,10077.87,User 1,7/27/2019
KLM-5-6-J,21,LL,SP,1,5,6,J,10077.87,User 1,7/27/2019
KLM-5-7-F,21,LL,SP,1,5,7,F,10077.87,User 1,7/27/2019
KLM-5-7-G,21,LL,SP,1,5,7,G,10077.87,User 1,7/27/2019
KLM-5-7-H,21,LL,SP,1,5,7,H,10077.87,User 1,7/27/2019
KLM-5-7-I,21,LL,SP,1,5,7,I,10077.87,User 1,7/27/2019
KLM-5-7-L,21,LL,PM,1,5,7,L,10042.1,User 1,7/27/2019
KLM-5-7-N,21,LL,PM,1,5,7,N,10077.87,User 1,7/27/2019
KLM-5-7-Q,21,LL,PM,1,5,7,Q,10077.87,User 1,7/27/2019
KLM-5-8-H,21,LL,SP,1,5,8,H,10077.87,User 1,7/27/2019
KLM-5-8-I,21,LL,SP,1,5,8,I,10077.87,User 1,7/27/2019
KLM-5-8-J,21,LL,SP,1,5,8,J,10077.87,User 1,7/27/2019
KLM-5-8-Q,21,LL,PM,1,5,8,Q,10077.87,User 1,7/27/2019
KLM-5-9-E,21,LL,PR,1,5,9,E,10077.87,User 1,7/27/2019
KLM-5-9-F,21,LL,SP,1,5,9,F,10077.87,User 1,7/27/2019
KLM-5-10-I,21,LL,SP,1,5,10,I,10077.87,User 1,7/27/2019
KLM-5-11-R,21,LL,PM,1,5,11,R,10042.1,User 1,7/27/2019
KLM-5-14-S,21,LL,PM,1,5,14,S,10042.1,User 1,7/27/2019
KLM-5-14-T,21,LL,PM,1,5,14,T,10042.1,User 1,7/27/2019
KLM-5-18-K,21,LL,PM,1,5,18,K,10042.1,User 1,7/27/2019
KLM-5-19-I,21,LL,PM,1,5,19,I,10042.1,User 1,7/27/2019
KLM-5-19-J,21,LL,PM,1,5,19,J,10077.87,User 1,7/27/2019
KLM-5-21-D,21,LL,PM,1,5,21,D,10077.87,User 1,7/27/2019
KLM-5-25-C,21,LL,SP,1,5,25,C,10077.87,User 1,7/27/2019
KLM-12-10-A,21,LL,PR,1,12,10,A,10077.87,User 1,7/30/2019
KLM-12-11-K,21,LL,PR,1,12,11,K,10077.87,User 1,7/30/2019
KLM-12-11-L,21,LL,PR,1,12,11,L,10077.87,User 1,7/30/2019
KLM-12-20-K,21,LL,PM,1,12,20,K,10077.87,User 1,7/30/2019
KLM-12-20-L,21,LL,PM,1,12,20,L,10077.87,User 1,7/30/2019
KLM-12-20-M,21,LL,PM,1,12,20,M,10077.87,User 1,7/30/2019
KLM-12-20-R,21,LL,SP,1,12,20,R,10077.87,User 1,7/30/2019
KLM-12-20-S,21,LL,SP,1,12,20,S,10077.87,User 1,7/30/2019
KLM-12-20-T,21,LL,SP,1,12,20,T,10077.87,User 1,7/30/2019
KLM-12-21-H,21,LL,PM,1,12,21,H,10077.87,User 1,7/30/2019
KLM-12-23-A,21,LL,PR,1,12,23,A,10077.87,User 1,7/30/2019
KLM-12-23-D,21,LL,SP,1,12,23,D,10077.87,User 1,7/30/2019
KLM-12-23-E,21,LL,SP,1,12,23,E,10077.87,User 1,7/30/2019
KLM-12-24-A,21,LL,SP,1,12,24,A,10077.87,User 1,7/30/2019
KLM-12-24-I,21,LL,PR,1,12,24,I,10077.87,User 1,7/30/2019
KLM-12-25-D,21,LL,SP,1,12,25,D,10077.87,User 1,7/30/2019
KLM-12-25-E,21,LL,SP,1,12,25,E,10077.87,User 1,7/30/2019
KLM-12-26-A,21,LL,SP,1,12,26,A,10077.87,User 1,7/30/2019
KLM-12-26-B,21,LL,SP,1,12,26,B,10077.87,User 1,7/30/2019
KLM-12-26-C,21,LL,SP,1,12,26,C,10077.87,User 1,7/30/2019
KLM-12-26-D,21,LL,SP,1,12,26,D,10077.87,User 1,7/30/2019
KLM-12-26-E,21,LL,SP,1,12,26,E,10077.87,User 1,7/30/2019
KLM-12-27-A,21,LL,SP,1,12,27,A,10077.87,User 1,7/30/2019
KLM-12-27-B,21,LL,SP,1,12,27,B,10077.87,User 1,7/30/2019
KLM-12-27-C,21,LL,SP,1,12,27,C,10077.87,User 1,7/30/2019
KLM-12-28-E,21,LL,SP,1,12,28,E,10077.87,User 1,7/30/2019
KLM-12-29-A,21,LL,SP,1,12,29,A,10077.87,User 1,7/30/2019
KLM-12-29-B,21,LL,SP,1,12,29,B,10077.87,User 1,7/30/2019
KLM-12-29-C,21,LL,SP,1,12,29,C,10077.87,User 1,7/30/2019
KLM-12-30-B,21,LL,SP,1,12,30,B,10077.87,User 1,7/30/2019
KLM-12-30-C,21,LL,SP,1,12,30,C,10077.87,User 1,7/30/2019
KLM-12-30-D,21,LL,SP,1,12,30,D,10077.87,User 1,7/30/2019
KLM-12-30-E,21,LL,SP,1,12,30,E,10077.87,User 1,7/30/2019
KLM-12-31-A,21,LL,SP,1,12,31,A,10077.87,User 1,7/30/2019
KLM-12-31-B,21,LL,SP,1,12,31,B,10077.87,User 1,7/30/2019
KLM-12-31-E,21,LL,PR,1,12,31,E,10077.87,User 1,7/30/2019
KLM-12-4-F,21,LL,SP,1,12,4,F,10077.87,User 1,7/30/2019
KLM-12-4-G,21,LL,SP,1,12,4,G,10077.87,User 1,7/30/2019
KLM-12-4-H,21,LL,SP,1,12,4,H,10077.87,User 1,7/30/2019
KLM-12-4-I,21,LL,SP,1,12,4,I,10077.87,User 1,7/30/2019
KLM-12-4-J,21,LL,SP,1,12,4,J,10077.87,User 1,7/30/2019
KLM-12-5-E,21,LL,PR,1,12,5,E,10077.87,User 1,7/30/2019
KLM-32-2-A,21,FE,PR,1,32,2,A,120934.44,User 1,10/13/2022
KLM-32-2-I,21,FE,PR,1,32,2,I,120934.44,User 1,10/13/2022
KLM-32-2-J,21,FE,PR,1,32,2,J,120934.44,User 1,10/13/2022
KLM-32-2-K,21,FE,PR,1,32,2,K,120934.44,User 1,10/13/2022
KLM-2-B-1-B,21,LLO,PR,1,2-B,1,B,4031.15,User 1,2/29/2024
KLM-2-B-1-C,21,LLO,PR,1,2-B,1,C,4031.15,User 1,2/29/2024
KLM-2-B-1-D,21,LLO,PR,1,2-B,1,D,4031.15,User 1,2/29/2024
KLM-2-B-1-E,21,LLO,PR,1,2-B,1,E,4031.15,User 1,2/29/2024
KLM-2-B-1-F,21,LLO,PR,1,2-B,1,F,4031.15,User 1,2/29/2024
KLM-2-B-1-G,21,LLO,PR,1,2-B,1,G,4031.15,User 1,2/29/2024
KLM-2-B-1-H,21,LLO,PR,1,2-B,1,H,4031.15,User 1,2/29/2024
KLM-2-B-1-I,21,LLO,PR,1,2-B,1,I,4031.15,User 1,2/29/2024
KLM-2-B-1-J,21,LLO,PR,1,2-B,1,J,4031.15,User 1,2/29/2024
KLM-2-B-1-L,21,LLO,PR,1,2-B,1,L,4031.15,User 1,2/29/2024
KLM-2-B-1-M,21,LLO,PR,1,2-B,1,M,4031.15,User 1,2/29/2024
KLM-2-B-1-N,21,LLO,PR,1,2-B,1,N,4031.15,User 1,2/29/2024
KLM-2-B-1-O,21,LLO,PR,1,2-B,1,O,4031.15,User 1,2/29/2024
KLM-2-B-1-P,21,LLO,PR,1,2-B,1,P,4031.15,User 1,2/29/2024
KLM-2-B-1-Q,21,LLO,PR,1,2-B,1,Q,4031.15,User 1,2/29/2024
KLM-2-B-1-R,21,LLO,PR,1,2-B,1,R,4031.15,User 1,2/29/2024
KLM-2-B-1-S,21,LLO,PR,1,2-B,1,S,4031.15,User 1,2/29/2024
KLM-2-B-1-T,21,LLO,PR,1,2-B,1,T,4031.15,User 1,2/29/2024
KLM-2-B-1-U,21,LLO,PR,1,2-B,1,U,4031.15,User 1,2/29/2024
KLM-32-B-1-B,21,LLO,PR,1,32-B,1,B,4031.15,User 1,2/29/2024
KLM-32-B-2-A,21,LLO,PR,1,32-B,2,A,4031.15,User 1,2/29/2024
KLM-32-B-2-F,21,LLO,PR,1,32-B,2,F,4031.15,User 1,2/29/2024
KLM-2-21-B,21,LL,PR,1,2,21,B,10077.87,User 1,4/29/2024
KLM-2-21-C,21,LL,PR,1,2,21,C,10077.87,User 1,4/29/2024
KLM-2-22-A,21,LL,PR,1,2,22,A,10077.87,User 1,4/29/2024
KLM-2-22-B,21,LL,PR,1,2,22,B,10077.87,User 1,4/29/2024
KLM-2-22-C,21,LL,PR,1,2,22,C,10077.87,User 1,4/29/2024
KLM-2-2-B,21,LL,PR,1,2,2,B,10077.87,User 1,4/29/2024
KLM-2-2-C,21,LL,PR,1,2,2,C,10077.87,User 1,4/29/2024
KLM-2-3-A,21,LL,PR,1,2,3,A,10077.87,User 1,4/29/2024
KLM-2-3-B,21,LL,PR,1,2,3,B,10077.87,User 1,4/29/2024
KLM-2-3-C,21,LL,PR,1,2,3,C,10077.87,User 1,4/29/2024
KLM-2-4-A,21,LL,PR,1,2,4,A,10077.87,User 1,4/29/2024
KLM-2-4-B,21,LL,PR,1,2,4,B,10077.87,User 1,4/29/2024
KLM-2-4-C,21,LL,PR,1,2,4,C,10077.87,User 1,4/29/2024
KLM-2-5-A,21,LL,PR,1,2,5,A,10077.87,User 1,4/29/2024
KLM-2-5-B,21,LL,PR,1,2,5,B,10077.87,User 1,4/29/2024
KLM-2-5-C,21,LL,PR,1,2,5,C,10077.87,User 1,4/29/2024
KLM-2-6-A,21,LL,PR,1,2,6,A,10077.87,User 1,4/29/2024
KLM-2-6-B,21,LL,PR,1,2,6,B,10077.87,User 1,4/29/2024
KLM-2-6-C,21,LL,PR,1,2,6,C,10077.87,User 1,4/29/2024
KLM-2-7-A,21,LL,PR,1,2,7,A,10077.87,User 1,4/29/2024
KLM-2-7-B,21,LL,PR,1,2,7,B,10077.87,User 1,4/29/2024
KLM-2-7-C,21,LL,PR,1,2,7,C,10077.87,User 1,4/29/2024
KLM-2-8-A,21,LL,PR,1,2,8,A,10077.87,User 1,4/29/2024
KLM-2-8-B,21,LL,PR,1,2,8,B,10077.87,User 1,4/29/2024
KLM-2-8-C,21,LL,PR,1,2,8,C,10077.87,User 1,4/29/2024
KLM-2-9-A,21,LL,PR,1,2,9,A,10077.87,User 1,4/29/2024
KLM-2-9-B,21,LL,PR,1,2,9,B,10077.87,User 1,4/29/2024
KLM-2-9-C,21,LL,PR,1,2,9,C,10077.87,User 1,4/29/2024
KLM-2-10-A,21,LL,PR,1,2,10,A,10077.87,User 1,4/29/2024
KLM-2-10-B,21,LL,PR,1,2,10,B,10077.87,User 1,4/29/2024
KLM-2-10-C,21,LL,PR,1,2,10,C,10077.87,User 1,4/29/2024
KLM-2-11-A,21,LL,PR,1,2,11,A,10077.87,User 1,4/29/2024
KLM-2-11-B,21,LL,PR,1,2,11,B,10077.87,User 1,4/29/2024
KLM-2-11-C,21,LL,PR,1,2,11,C,10077.87,User 1,4/29/2024
KLM-2-13-A,21,LL,PR,1,2,13,A,10077.87,User 1,4/29/2024
KLM-2-13-B,21,LL,PR,1,2,13,B,10077.87,User 1,4/29/2024
KLM-2-13-C,21,LL,PR,1,2,13,C,10077.87,User 1,4/29/2024
KLM-2-14-A,21,LL,PR,1,2,14,A,10077.87,User 1,4/29/2024
KLM-2-14-B,21,LL,PR,1,2,14,B,10077.87,User 1,4/29/2024
KLM-2-14-C,21,LL,PR,1,2,14,C,10077.87,User 1,4/29/2024
KLM-2-15-A,21,LL,PR,1,2,15,A,10077.87,User 1,4/29/2024
KLM-2-15-B,21,LL,PR,1,2,15,B,10077.87,User 1,4/29/2024
KLM-2-15-C,21,LL,PR,1,2,15,C,10077.87,User 1,4/29/2024
KLM-2-16-A,21,LL,PR,1,2,16,A,10077.87,User 1,4/29/2024
KLM-2-16-B,21,LL,PR,1,2,16,B,10077.87,User 1,4/29/2024
KLM-2-17-A,21,LL,PR,1,2,17,A,10077.87,User 1,4/29/2024
KLM-2-17-C,21,LL,PR,1,2,17,C,10077.87,User 1,4/29/2024
KLM-2-18-A,21,LL,PR,1,2,18,A,10077.87,User 1,4/29/2024
KLM-2-18-B,21,LL,PR,1,2,18,B,10077.87,User 1,4/29/2024
KLM-2-18-C,21,LL,PR,1,2,18,C,10077.87,User 1,4/29/2024
KLM-2-19-A,21,LL,PR,1,2,19,A,10077.87,User 1,4/29/2024
KLM-2-19-B,21,LL,PR,1,2,19,B,10077.87,User 1,4/29/2024
KLM-2-19-C,21,LL,PR,1,2,19,C,10077.87,User 1,4/29/2024
KLM-2-20-A,21,LL,PR,1,2,20,A,10077.87,User 1,4/29/2024
KLM-2-20-B,21,LL,PR,1,2,20,B,10077.87,User 1,4/29/2024
KLM-2-20-C,21,LL,PR,1,2,20,C,10077.87,User 1,4/29/2024
KLM-2-21-A,21,LL,PR,1,2,21,A,10077.87,User 1,4/29/2024
KLM-2-2-A,21,LL,PR,1,2,2,A,10077.87,User 1,4/30/2024
KLM-1-9-C,21,LL-S,PR,1,1,9,C,10077.87,User 1,5/24/2024
KLM-1-9-D,21,LL-S,PR,1,1,9,D,10077.87,User 1,5/24/2024
KLM-1-9-E,21,LL-S,PR,1,1,9,E,10077.87,User 1,5/24/2024
KLM-1-9-F,21,LL-S,PR,1,1,9,F,10077.87,User 1,5/24/2024
KLM-1-9-G,21,LL-S,PR,1,1,9,G,10077.87,User 1,5/24/2024
KLM-1-9-H,21,LL-S,PR,1,1,9,H,10077.87,User 1,5/24/2024
KLM-1-9-I,21,LL-S,PR,1,1,9,I,10077.87,User 1,5/24/2024
KLM-1-9-J,21,LL-S,PR,1,1,9,J,10077.87,User 1,5/24/2024
KLM-1-9-K,21,LL-S,PR,1,1,9,K,10077.87,User 1,5/24/2024
KLM-1-9-L,21,LL-S,PR,1,1,9,L,10077.87,User 1,5/24/2024
KLM-1-10-A,21,LL-S,PR,1,1,10,A,10077.87,User 1,5/24/2024
KLM-1-10-F,21,LL-S,PR,1,1,10,F,10077.87,User 1,5/24/2024
KLM-1-10-K,21,LL-S,PR,1,1,10,K,10077.87,User 1,5/24/2024
KLM-1-16-A,21,LL-S,PR,1,1,16,A,10077.87,User 1,5/24/2024
KLM-1-16-B,21,LL-S,PR,1,1,16,B,10077.87,User 1,5/24/2024
KLM-1-16-C,21,LL-S,PR,1,1,16,C,10077.87,User 1,5/24/2024
KLM-1-16-D,21,LL-S,PR,1,1,16,D,10077.87,User 1,5/24/2024
KLM-1-16-E,21,LL-S,PR,1,1,16,E,10077.87,User 1,5/24/2024
KLM-1-16-F,21,LL-S,PR,1,1,16,F,10077.87,User 1,5/24/2024
KLM-1-16-G,21,LL-S,PR,1,1,16,G,10077.87,User 1,5/24/2024
KLM-1-16-H,21,LL-S,PR,1,1,16,H,10077.87,User 1,5/24/2024
KLM-1-16-I,21,LL-S,PR,1,1,16,I,10077.87,User 1,5/24/2024
KLM-1-16-J,21,LL-S,PR,1,1,16,J,10077.87,User 1,5/24/2024
KLM-1-16-K,21,LL-S,PR,1,1,16,K,10077.87,User 1,5/24/2024
KLM-1-16-L,21,LL-S,PR,1,1,16,L,10077.87,User 1,5/24/2024
KLM-1-17-A,21,LL-S,PR,1,1,17,A,10077.87,User 1,5/24/2024
KLM-1-17-F,21,LL-S,PR,1,1,17,F,10077.87,User 1,5/24/2024
KLM-1-17-K,21,LL-S,PR,1,1,17,K,10077.87,User 1,5/24/2024
KLM-1-18-O,21,LL-S,PR,1,1,18,O,10077.87,User 1,5/24/2024
KLM-1-19-I,21,LL-S,PR,1,1,19,I,10077.87,User 1,5/24/2024
KLM-1-19-J,21,LL-S,PR,1,1,19,J,10077.87,User 1,5/24/2024
KLM-1-19-K,21,LL-S,PR,1,1,19,K,10077.87,User 1,5/24/2024
KLM-1-19-L,21,LL-S,PR,1,1,19,L,10077.87,User 1,5/24/2024
KLM-1-19-N,21,LL-S,PR,1,1,19,N,10077.87,User 1,5/24/2024
KLM-1-20-B,21,LL-S,PR,1,1,20,B,10077.87,User 1,5/24/2024
KLM-1-20-C,21,LL-S,PR,1,1,20,C,10077.87,User 1,5/24/2024
KLM-1-20-D,21,LL-S,PR,1,1,20,D,10077.87,User 1,5/24/2024
KLM-1-20-E,21,LL-S,PR,1,1,20,E,10077.87,User 1,5/24/2024
KLM-1-20-F,21,LL-S,PR,1,1,20,F,10077.87,User 1,5/24/2024
KLM-1-20-G,21,LL-S,PR,1,1,20,G,10077.87,User 1,5/24/2024
KLM-1-20-H,21,LL-S,PR,1,1,20,H,10077.87,User 1,5/24/2024
KLM-1-20-I,21,LL-S,PR,1,1,20,I,10077.87,User 1,5/24/2024
KLM-1-20-J,21,LL-S,PR,1,1,20,J,10077.87,User 1,5/24/2024
KLM-1-21-A,21,LL-S,PR,1,1,21,A,10077.87,User 1,5/24/2024
KLM-1-21-B,21,LL-S,PR,1,1,21,B,10077.87,User 1,5/24/2024
KLM-1-21-C,21,LL-S,PR,1,1,21,C,10077.87,User 1,5/24/2024
KLM-1-21-D,21,LL-S,PR,1,1,21,D,10077.87,User 1,5/24/2024
KLM-1-21-E,21,LL-S,PR,1,1,21,E,10077.87,User 1,5/24/2024
KLM-1-21-F,21,LL-S,PR,1,1,21,F,10077.87,User 1,5/24/2024
KLM-1-21-G,21,LL-S,PR,1,1,21,G,10077.87,User 1,5/24/2024
KLM-1-22-A,21,LL-S,PR,1,1,22,A,10077.87,User 1,5/24/2024
KLM-1-22-B,21,LL-S,PR,1,1,22,B,10077.87,User 1,5/24/2024
KLM-1-22-C,21,LL-S,PR,1,1,22,C,10077.87,User 1,5/24/2024
KLM-1-22-D,21,LL-S,PR,1,1,22,D,10077.87,User 1,5/24/2024
KLM-1-22-E,21,LL-S,PR,1,1,22,E,10077.87,User 1,5/24/2024
KLM-1-22-H,21,LL-S,PR,1,1,22,H,10077.87,User 1,5/24/2024
KLM-1-22-I,21,LL-S,PR,1,1,22,I,10077.87,User 1,5/24/2024
KLM-1-22-J,21,LL-S,PR,1,1,22,J,10077.87,User 1,5/24/2024
KLM-1-23-A,21,LL-S,PR,1,1,23,A,10077.87,User 1,5/24/2024
KLM-1-23-B,21,LL-S,PR,1,1,23,B,10077.87,User 1,5/24/2024
KLM-1-23-C,21,LL-S,PR,1,1,23,C,10077.87,User 1,5/24/2024
KLM-1-23-D,21,LL-S,PR,1,1,23,D,10077.87,User 1,5/24/2024
KLM-1-23-E,21,LL-S,PR,1,1,23,E,10077.87,User 1,5/24/2024
KLM-1-23-F,21,LL-S,PR,1,1,23,F,10077.87,User 1,5/24/2024
KLM-1-23-G,21,LL-S,PR,1,1,23,G,10077.87,User 1,5/24/2024
KLM-1-23-H,21,LL-S,PR,1,1,23,H,10077.87,User 1,5/24/2024
KLM-1-23-I,21,LL-S,PR,1,1,23,I,10077.87,User 1,5/24/2024
KLM-1-23-J,21,LL-S,PR,1,1,23,J,10077.87,User 1,5/24/2024
KLM-1-23-K,21,LL-S,PR,1,1,23,K,10077.87,User 1,5/24/2024
KLM-1-24-A,21,LL-S,PR,1,1,24,A,10077.87,User 1,5/24/2024
KLM-1-24-B,21,LL-S,PR,1,1,24,B,10077.87,User 1,5/24/2024
KLM-1-24-C,21,LL-S,PR,1,1,24,C,10077.87,User 1,5/24/2024
KLM-1-24-D,21,LL-S,PR,1,1,24,D,10077.87,User 1,5/24/2024
KLM-1-24-E,21,LL-S,PR,1,1,24,E,10077.87,User 1,5/24/2024
KLM-1-24-F,21,LL-S,PR,1,1,24,F,10077.87,User 1,5/24/2024
KLM-1-24-G,21,LL-S,PR,1,1,24,G,10077.87,User 1,5/24/2024
KLM-1-24-H,21,LL-S,PR,1,1,24,H,10077.87,User 1,5/24/2024
KLM-1-24-I,21,LL-S,PR,1,1,24,I,10077.87,User 1,5/24/2024
KLM-1-24-J,21,LL-S,PR,1,1,24,J,10077.87,User 1,5/24/2024
KLM-1-3-A,21,LL-S,PR,1,1,3,A,10077.87,User 1,5/24/2024
KLM-1-3-B,21,LL-S,PR,1,1,3,B,10077.87,User 1,5/24/2024
KLM-1-3-F,21,LL-S,PR,1,1,3,F,10077.87,User 1,5/24/2024
KLM-1-3-K,21,LL-S,PR,1,1,3,K,10077.87,User 1,5/24/2024
KLM-2-26-A,21,LL,PR,1,2,26,A,10077.87,User 1,5/30/2024
KLM-2-26-B,21,LL,PR,1,2,26,B,10077.87,User 1,5/30/2024
KLM-2-26-C,21,LL,PR,1,2,26,C,10077.87,User 1,5/30/2024
KLM-2-29-A,21,LL,PR,1,2,29,A,10077.87,User 1,5/30/2024
KLM-2-29-B,21,LL,PR,1,2,29,B,10077.87,User 1,5/30/2024
KLM-2-29-C,21,LL,PR,1,2,29,C,10077.87,User 1,5/30/2024
KLM-2-30-A,21,LL,PR,1,2,30,A,10077.87,User 1,5/30/2024
KLM-2-30-B,21,LL,PR,1,2,30,B,10077.87,User 1,5/30/2024
KLM-2-30-C,21,LL,PR,1,2,30,C,10077.87,User 1,5/30/2024
KLM-2-31-A,21,LL,PR,1,2,31,A,10077.87,User 1,5/30/2024
KLM-2-31-B,21,LL,PR,1,2,31,B,10077.87,User 1,5/30/2024
KLM-2-31-C,21,LL,PR,1,2,31,C,10077.87,User 1,5/30/2024
KLM-2-32-A,21,LL,PR,1,2,32,A,10077.87,User 1,5/30/2024
KLM-2-32-B,21,LL,PR,1,2,32,B,10077.87,User 1,5/30/2024
KLM-2-32-C,21,LL,PR,1,2,32,C,10077.87,User 1,5/30/2024
KLM-2-37-A,21,LL,PR,1,2,37,A,10077.87,User 1,5/30/2024
KLM-2-37-B,21,LL,PR,1,2,37,B,10077.87,User 1,5/30/2024
KLM-2-37-C,21,LL,PR,1,2,37,C,10077.87,User 1,5/30/2024
KLM-2-38-A,21,LL,PR,1,2,38,A,10077.87,User 1,5/30/2024
KLM-2-38-B,21,LL,PR,1,2,38,B,10077.87,User 1,5/30/2024
KLM-2-38-C,21,LL,PR,1,2,38,C,10077.87,User 1,5/30/2024
KLM-2-39-A,21,LL,PR,1,2,39,A,10077.87,User 1,5/30/2024
KLM-2-39-B,21,LL,PR,1,2,39,B,10077.87,User 1,5/30/2024
KLM-2-39-C,21,LL,PR,1,2,39,C,10077.87,User 1,5/30/2024
KLM-2-40-A,21,LL,PR,1,2,40,A,10077.87,User 1,5/30/2024
KLM-2-40-B,21,LL,PR,1,2,40,B,10077.87,User 1,5/30/2024
KLM-2-40-C,21,LL,PR,1,2,40,C,10077.87,User 1,5/30/2024
KLM-2-41-A,21,LL,PR,1,2,41,A,10077.87,User 1,5/30/2024
KLM-2-41-B,21,LL,PR,1,2,41,B,10077.87,User 1,5/30/2024
KLM-2-41-C,21,LL,PR,1,2,41,C,10077.87,User 1,5/30/2024
KLM-2-42-A,21,LL,PR,1,2,42,A,10077.87,User 1,5/30/2024
KLM-2-42-B,21,LL,PR,1,2,42,B,10077.87,User 1,5/30/2024
KLM-2-42-C,21,LL,PR,1,2,42,C,10077.87,User 1,5/30/2024
KLM-2-43-A,21,LL,PR,1,2,43,A,10077.87,User 1,5/30/2024
KLM-2-43-B,21,LL,PR,1,2,43,B,10077.87,User 1,5/30/2024
KLM-2-43-C,21,LL,PR,1,2,43,C,10077.87,User 1,5/30/2024
KLM-2-54-A,21,LL,PR,1,2,54,A,10077.87,User 1,5/30/2024
KLM-2-54-B,21,LL,PR,1,2,54,B,10077.87,User 1,5/30/2024
KLM-2-54-C,21,LL,PR,1,2,54,C,10077.87,User 1,5/30/2024
KLM-34-1-A,21,FE,PR,1,34,1,A,241868.88,User 1,5/31/2024
KLM-34-1-D,21,FE,PR,1,34,1,D,241868.88,User 1,5/31/2024
